Title,MovieID
Toy Story,1
Jumanji,2
Grumpier Old Men,3
Waiting to Exhale,4
Father of the Bride Part II,5
Heat,6
Sabrina,7
Tom and Huck,8
Sudden Death,9
GoldenEye,10
"American President, The",11
Dracula: Dead and Loving It,12
Balto,13
Nixon,14
Cutthroat Island,15
Casino,16
Sense and Sensibility,17
Four Rooms,18
Ace Ventura: When Nature Calls,19
Money Train,20
Get Shorty,21
Copycat,22
Assassins,23
Powder,24
Leaving Las Vegas,25
Othello,26
Now and Then,27
Persuasion,28
"City of Lost Children, The",29
Shanghai Triad,30
Dangerous Minds,31
Twelve Monkeys,32
Wings of Courage,33
Babe,34
Carrington,35
Dead Man Walking,36
Across the Sea of Time,37
It Takes Two,38
Clueless,39
"Cry, the Beloved Country",40
Richard III,41
Dead Presidents,42
Restoration,43
Mortal Kombat,44
To Die For,45
How to Make an American Quilt,46
Seven,47
Pocahontas,48
When Night Is Falling,49
"Usual Suspects, The",50
Guardian Angel,51
Mighty Aphrodite,52
Lamerica,53
"Big Green, The",54
Georgia,55
Kids of the Round Table,56
Home for the Holidays,57
"Postino, Il",58
"Confessional, The",59
"Indian in the Cupboard, The",60
Eye for an Eye,61
Mr. Holland's Opus,62
Don't Be a Menace to South Central While Drinking Your Juice in the Hood,63
Two if by Sea,64
Bio-Dome,65
Lawnmower Man 2: Beyond Cyberspace,66
Two Bits,67
French Twist,68
Friday,69
From Dusk Till Dawn,70
Fair Game,71
Kicking and Screaming,72
"Mis�rables, Les",73
Bed of Roses,74
Big Bully,75
Screamers,76
Nico Icon,77
"Crossing Guard, The",78
"Juror, The",79
"White Balloon, The",80
Things to Do in Denver when You're Dead,81
Antonia's Line,82
Once Upon a Time... When We Were Colored,83
Last Summer in the Hamptons,84
Angels and Insects,85
White Squall,86
Dunston Checks In,87
Black Sheep,88
Nick of Time,89
"Journey of August King, The",90
Mary Reilly,92
Vampire in Brooklyn,93
Beautiful Girls,94
Broken Arrow,95
In the Bleak Midwinter,96
Hate,97
Shopping,98
Heidi Fleiss: Hollywood Madam,99
City Hall,100
Bottle Rocket,101
Mr. Wrong,102
Unforgettable,103
Happy Gilmore,104
"Bridges of Madison County, The",105
Nobody Loves Me,106
Muppet Treasure Island,107
Catwalk,108
Headless Body in Topless Bar,109
Braveheart,110
Taxi Driver,111
Rumble in the Bronx,112
Before and After,113
Margaret's Museum,114
Happiness Is in the Field,115
Anne Frank Remembered,116
"Young Poisoner's Handbook, The",117
If Lucy Fell,118
"Steal Big, Steal Little",119
Race the Sun,120
"Boys of St. Vincent, The",121
Boomerang,122
Chungking Express,123
"Star Maker, The",124
Flirting With Disaster,125
"NeverEnding Story III, The",126
"Silence of the Palace, The",127
Jupiter's Wife,128
Pie in the Sky,129
Angela,130
Frankie Starlight,131
Jade,132
Nueba Yol,133
Sonic Outlaws,134
Down Periscope,135
From the Journals of Jean Seberg,136
Man of the Year,137
"Neon Bible, The",138
Target,139
Up Close and Personal,140
"Birdcage, The",141
Shadows,142
Gospa,143
"Brothers McMullen, The",144
Bad Boys,145
"Amazing Panda Adventure, The",146
"Basketball Diaries, The",147
"Awfully Big Adventure, An",148
Amateur,149
Apollo 13,150
Rob Roy,151
"Addiction, The",152
Batman Forever,153
Belle de jour,154
Beyond Rangoon,155
Blue in the Face,156
Canadian Bacon,157
Casper,158
Clockers,159
Congo,160
Crimson Tide,161
Crumb,162
Desperado,163
Devil in a Blue Dress,164
Die Hard: With a Vengeance,165
"Doom Generation, The",166
Feast of July,167
First Knight,168
Free Willy 2: The Adventure Home,169
Hackers,170
Jeffrey,171
Johnny Mnemonic,172
Judge Dredd,173
Jury Duty,174
Kids,175
Living in Oblivion,176
Lord of Illusions,177
Love & Human Remains,178
Mad Love,179
Mallrats,180
Mighty Morphin Power Rangers: The Movie,181
Moonlight and Valentino,182
Mute Witness,183
Nadja,184
"Net, The",185
Nine Months,186
Party Girl,187
"Prophecy, The",188
Reckless,189
Safe,190
"Scarlet Letter, The",191
"Show, The",192
Showgirls,193
Smoke,194
Something to Talk About,195
Species,196
"Stars Fell on Henrietta, The",197
Strange Days,198
"Umbrellas of Cherbourg, The",199
"Tie That Binds, The",200
Three Wishes,201
Total Eclipse,202
"To Wong Foo, Thanks for Everything! Julie Newmar",203
Under Siege 2: Dark Territory,204
Unstrung Heroes,205
Unzipped,206
"Walk in the Clouds, A",207
Waterworld,208
White Man's Burden,209
Wild Bill,210
"Browning Version, The",211
Bushwhacked,212
Burnt By the Sun,213
Before the Rain,214
Before Sunrise,215
Billy Madison,216
"Babysitter, The",217
Boys on the Side,218
"Cure, The",219
Castle Freak,220
Circle of Friends,222
Clerks,223
Don Juan DeMarco,224
Disclosure,225
Dream Man,226
Drop Zone,227
Destiny Turns on the Radio,228
Death and the Maiden,229
Dolores Claiborne,230
Dumb & Dumber,231
Eat Drink Man Woman,232
Exotica,233
Exit to Eden,234
Ed Wood,235
French Kiss,236
Forget Paris,237
Far From Home: The Adventures of Yellow Dog,238
"Goofy Movie, A",239
Hideaway,240
Fluke,241
Farinelli: il castrato,242
Gordy,243
Gumby: The Movie,244
"Glass Shield, The",245
Hoop Dreams,246
Heavenly Creatures,247
Houseguest,248
Immortal Beloved,249
Heavyweights,250
"Hunted, The",251
I.Q.,252
Interview with the Vampire,253
Jefferson in Paris,254
"Jerky Boys, The",255
Junior,256
Just Cause,257
"Kid in King Arthur's Court, A",258
Kiss of Death,259
Star Wars: Episode IV - A New Hope,260
Little Women,261
"Little Princess, A",262
Ladybird Ladybird,263
"Enfer, L'",264
Like Water for Chocolate,265
Legends of the Fall,266
Major Payne,267
Little Odessa,268
My Crazy Life,269
Love Affair,270
Losing Isaiah,271
"Madness of King George, The",272
Mary Shelley's Frankenstein,273
Man of the House,274
Mixed Nuts,275
Milk Money,276
Miracle on 34th Street,277
Miami Rhapsody,278
My Family,279
Murder in the First,280
Nobody's Fool,281
Nell,282
New Jersey Drive,283
New York Cop,284
Beyond Bedlam,285
Nemesis 2: Nebula,286
Nina Takes a Lover,287
Natural Born Killers,288
Only You,289
Once Were Warriors,290
Poison Ivy II,291
Outbreak,292
"Professional, The",293
"Perez Family, The",294
"Pyromaniac's Love Story, A",295
Pulp Fiction,296
Panther,297
Pushing Hands,298
Priest,299
Quiz Show,300
Picture Bride,301
Queen Margot,302
"Quick and the Dead, The",303
Roommates,304
Ready to Wear,305
Three Colors: Red,306
Three Colors: Blue,307
Three Colors: White,308
"Red Firecracker, Green Firecracker",309
Rent-a-Kid,310
Relative Fear,311
Stuart Saves His Family,312
"Swan Princess, The",313
"Secret of Roan Inish, The",314
"Specialist, The",315
Stargate,316
"Santa Clause, The",317
"Shawshank Redemption, The",318
Shallow Grave,319
Suture,320
Strawberry and Chocolate,321
Swimming with Sharks,322
"Sum of Us, The",324
National Lampoon's Senior Trip,325
To Live,326
Tank Girl,327
Tales From the Crypt Presents: Demon Knight,328
Star Trek: Generations,329
Tales from the Hood,330
Tom & Viv,331
Village of the Damned,332
Tommy Boy,333
Vanya on 42nd Street,334
"Underneath, The",335
"Walking Dead, The",336
What's Eating Gilbert Grape,337
Virtuosity,338
While You Were Sleeping,339
"War, The",340
Double Happiness,341
Muriel's Wedding,342
"Baby-Sitters Club, The",343
Ace Ventura: Pet Detective,344
"Adventures of Priscilla, Queen of the Desert, The",345
Backbeat,346
Bitter Moon,347
Bullets Over Broadway,348
Clear and Present Danger,349
"Client, The",350
"Corrina, Corrina",351
Crooklyn,352
"Crow, The",353
Cobb,354
"Flintstones, The",355
Forrest Gump,356
Four Weddings and a Funeral,357
Higher Learning,358
I Like It Like That,359
I Love Trouble,360
It Could Happen to You,361
"Jungle Book, The",362
"Wonderful, Horrible Life of Leni Riefenstahl, The",363
"Lion King, The",364
Little Buddha,365
Wes Craven's New Nightmare,366
"Mask, The",367
Maverick,368
Mrs. Parker and the Vicious Circle,369
Naked Gun 33 1/3: The Final Insult,370
"Paper, The",371
Reality Bites,372
Red Rock West,373
Richie Rich,374
Safe Passage,375
"River Wild, The",376
Speed,377
Speechless,378
Timecop,379
True Lies,380
When a Man Loves a Woman,381
Wolf,382
Wyatt Earp,383
Bad Company,384
"Man of No Importance, A",385
S.F.W.,386
"Low Down Dirty Shame, A",387
Boys Life,388
"Colonel Chabert, Le",389
Faster Pussycat! Kill! Kill!,390
Jason's Lyric,391
"Secret Adventures of Tom Thumb, The",392
Street Fighter,393
Coldblooded,394
Desert Winds,395
Fall Time,396
"Fear, The",397
Frank and Ollie,398
Girl in the Cadillac,399
Homage,400
Mirage,401
Open Season,402
Two Crimes,403
Brother Minister: The Assassination of Malcolm X,404
Highlander III: The Sorcerer,405
Federal Hill,406
In the Mouth of Madness,407
8 Seconds,408
Above the Rim,409
Addams Family Values,410
You So Crazy,411
"Age of Innocence, The",412
Airheads,413
"Air Up There, The",414
Another Stakeout,415
Bad Girls,416
Barcelona,417
Being Human,418
"Beverly Hillbillies, The",419
Beverly Hills Cop III,420
Black Beauty,421
Blink,422
Blown Away,423
Blue Chips,424
Blue Sky,425
Body Snatchers,426
Boxing Helena,427
"Bronx Tale, A",428
Cabin Boy,429
Calendar Girl,430
Carlito's Way,431
City Slickers II: The Legend of Curly's Gold,432
Clean Slate,433
Cliffhanger,434
Coneheads,435
Color of Night,436
Cops and Robbersons,437
"Cowboy Way, The",438
Dangerous Game,439
Dave,440
Dazed and Confused,441
Demolition Man,442
"Endless Summer 2, The",443
Even Cowgirls Get the Blues,444
Fatal Instinct,445
Farewell My Concubine,446
"Favor, The",447
Fearless,448
Fear of a Black Hat,449
With Honors,450
Flesh and Bone,451
Widows' Peak,452
For Love or Money,453
"Firm, The",454
Free Willy,455
Fresh,456
"Fugitive, The",457
Geronimo: An American Legend,458
"Getaway, The",459
Getting Even with Dad,460
Go Fish,461
"Good Man in Africa, A",462
Guilty as Sin,463
Hard Target,464
Heaven & Earth,465
Hot Shots! Part Deux,466
Live Nude Girls,467
"Englishman Who Went Up a Hill, But Came Down a Mountain, The",468
"House of the Spirits, The",469
House Party 3,470
"Hudsucker Proxy, The",471
I'll Do Anything,472
In the Army Now,473
In the Line of Fire,474
In the Name of the Father,475
"Inkwell, The",476
What's Love Got to Do with It?,477
Jimmy Hollywood,478
Judgment Night,479
Jurassic Park,480
Kalifornia,481
Killing Zoe,482
King of the Hill,483
Lassie,484
Last Action Hero,485
Life with Mikey,486
Lightning Jack,487
M. Butterfly,488
Made in America,489
Malice,490
"Man Without a Face, The",491
Manhattan Murder Mystery,492
Menace II Society,493
Executive Decision,494
In the Realm of the Senses,495
What Happened Was...,496
Much Ado About Nothing,497
Mr. Jones,498
Mr. Wonderful,499
Mrs. Doubtfire,500
Naked,501
"Next Karate Kid, The",502
"New Age, The",503
No Escape,504
North,505
Orlando,506
"Perfect World, A",507
Philadelphia,508
"Piano, The",509
Poetic Justice,510
"Program, The",511
Robert A. Heinlein's The Puppet Masters,512
Radioland Murders,513
"Ref, The",514
"Remains of the Day, The",515
Renaissance Man,516
Rising Sun,517
"Road to Wellville, The",518
Robocop 3,519
Robin Hood: Men in Tights,520
Romeo Is Bleeding,521
Romper Stomper,522
Ruby in Paradise,523
Rudy,524
"Saint of Fort Washington, The",525
Savage Nights,526
Schindler's List,527
"Scout, The",528
Searching for Bobby Fischer,529
Second Best,530
"Secret Garden, The",531
Serial Mom,532
"Shadow, The",533
Shadowlands,534
Short Cuts,535
"Simple Twist of Fate, A",536
Sirens,537
Six Degrees of Separation,538
Sleepless in Seattle,539
Sliver,540
Blade Runner,541
Son in Law,542
So I Married an Axe Murderer,543
Striking Distance,544
Harlem,545
Super Mario Bros.,546
Surviving the Game,547
Terminal Velocity,548
Thirty-Two Short Films About Glenn Gould,549
Threesome,550
"Nightmare Before Christmas, The",551
"Three Musketeers, The",552
Tombstone,553
Trial by Jury,554
True Romance,555
"War Room, The",556
Mamma Roma,557
"Pagemaster, The",558
"Paris, France",559
"Beans of Egypt, Maine, The",560
Killer,561
Welcome to the Dollhouse,562
Germinal,563
Chasers,564
Cronos,565
Naked in New York,566
Kika,567
Bhaji on the Beach,568
Little Big League,569
"Slingshot, The",570
"Wedding Gift, The",571
Foreign Student,572
"Ciao, Professore!",573
Spanking the Monkey,574
"Little Rascals, The",575
Fausto,576
Andre,577
"Hour of the Pig, The",578
"Scorta, La",579
Princess Caraboo,580
"Celluloid Closet, The",581
Metisse,582
Dear Diary,583
I Don't Want to Talk About It,584
"Brady Bunch Movie, The",585
Home Alone,586
Ghost,587
Aladdin,588
Terminator 2: Judgment Day,589
Dances with Wolves,590
Tough and Deadly,591
Batman,592
"Silence of the Lambs, The",593
Snow White and the Seven Dwarfs,594
Beauty and the Beast,595
Pinocchio,596
Pretty Woman,597
Window to Paris,598
"Wild Bunch, The",599
Love and a .45,600
"Wooden Man's Bride, The",601
"Great Day in Harlem, A",602
"Bye Bye, Love",603
Criminals,604
One Fine Day,605
Candyman: Farewell to the Flesh,606
Century,607
Fargo,608
Homeward Bound II: Lost in San Francisco,609
Heavy Metal,610
Hellraiser: Bloodline,611
"Pallbearer, The",612
Jane Eyre,613
Loaded,614
Bread and Chocolate,615
"Aristocats, The",616
"Flower of My Secret, The",617
Two Much,618
Ed,619
Scream of Stone,620
My Favorite Season,621
"Modern Affair, A",623
Condition Red,624
Asfour Stah,625
"Thin Line Between Love and Hate, A",626
"Last Supper, The",627
Primal Fear,628
Rude,629
Carried Away,630
All Dogs Go to Heaven 2,631
Land and Freedom,632
Denise Calls Up,633
Theodore Rex,634
"Family Thing, A",635
Frisk,636
Sgt. Bilko,637
Jack and Sarah,638
Girl 6,639
Diabolique,640
"Little Indian, Big City",641
Roula,642
Peanuts - Die Bank zahlt alles,643
Happy Weekend,644
Nelly & Monsieur Arnaud,645
Courage Under Fire,647
Mission: Impossible,648
Cold Fever,649
Moll Flanders,650
"Superweib, Das",651
"301, 302",652
Dragonheart,653
Und keiner weint mir nach,654
Mutters Courage,655
Eddie,656
Yankee Zulu,657
Billy's Holiday,658
Purple Noon,659
August,660
James and the Giant Peach,661
Fear,662
Kids in the Hall: Brain Candy,663
Faithful,664
Underground,665
All Things Fair,666
Bloodsport 2,667
Pather Panchali,668
Aparajito,669
"World of Apu, The",670
Mystery Science Theater 3000: The Movie,671
Tarantella,672
Space Jam,673
Barbarella,674
Hostile Intentions,675
They Bite,676
Some Folks Call It a Sling Blade,678
"Run of the Country, The",679
Alphaville,680
Clean Slate,681
Tigrero: A Film That Was Never Made,682
"Eye of Vichy, The",683
Windows,684
It's My Party,685
Country Life,687
Operation Dumbo Drop,688
"Promise, The",690
Mrs. Winterbourne,691
Solo,692
Under the Domin Tree,693
"Substitute, The",694
True Crime,695
Butterfly Kiss,696
Feeling Minnesota,697
Delta of Venus,698
To Cross the Rubicon,699
Angus,700
Daens,701
Faces,702
Boys,703
"Quest, The",704
Cosi,705
Sunset Park,706
Mulholland Falls,707
"Truth About Cats & Dogs, The",708
Oliver & Company,709
Celtic Pride,710
Flipper,711
Captives,712
Of Love and Shadows,713
Dead Man,714
"Horseman on the Roof, The",715
Switchblade Sisters,716
Mouth to Mouth,717
"Visitors, The",718
Multiplicity,719
Wallace & Gromit: The Best of Aardman Animation,720
Halfmoon,721
"Haunted World of Edward D. Wood Jr., The",722
Two Friends,723
"Craft, The",724
"Great White Hype, The",725
Last Dance,726
War Stories,727
Cold Comfort Farm,728
"Institute Benjamenta, or This Dream People Call Human Life",729
"Low Life, The",730
Heaven's Prisoners,731
Original Gangstas,732
"Rock, The",733
Getting Away With Murder,734
Cemetery Man,735
Twister,736
Barb Wire,737
"Garcu, Le",738
Honigmond,739
Ghost in the Shell,741
Thinner,742
Spy Hard,743
Brothers in Trouble,744
"Close Shave, A",745
Force of Evil,746
"Stupids, The",747
"Arrival, The",748
"Man from Down Under, The",749
Dr. Strangelove or: How I Learned to Stop Worrying and Love the Bomb,750
Careful,751
Vermont Is For Lovers,752
"Month by the Lake, A",753
Gold Diggers: The Secret of Bear Mountain,754
Kim,755
Carmen Miranda: Bananas Is My Business,756
Ashes of Time,757
"Jar, The",758
Maya Lin: A Strong Clear Vision,759
Stalingrad,760
"Phantom, The",761
Striptease,762
"Last of the High Kings, The",763
Heavy,764
Jack,765
I Shot Andy Warhol,766
"Grass Harp, The",767
Someone Else's America,768
Marlene Dietrich: Shadow and Light,769
Costa Brava,770
"Vie est belle, La",771
Quartier Mozart,772
Touki Bouki,773
Wend Kuuni,774
Spirits of the Dead,775
Babyfever,776
Pharaoh's Army,777
Trainspotting,778
'Til There Was You,779
Independence Day,780
Stealing Beauty,781
"Fan, The",782
"Hunchback of Notre Dame, The",783
"Cable Guy, The",784
Kingpin,785
Eraser,786
"Gate of Heavenly Peace, The",787
"Nutty Professor, The",788
"I, Worst of All",789
An Unforgettable Summer,790
"Last Klezmer: Leopold Kozlowski, His Life and Music, The",791
"Hungarian Fairy Tale, A",792
My Life and Times With Antonin Artaud,793
Midnight Dancers,794
Somebody to Love,795
"Very Natural Thing, A",796
"Old Lady Who Walked in the Sea, The",797
Daylight,798
"Frighteners, The",799
Lone Star,800
Harriet the Spy,801
Phenomenon,802
Walking and Talking,803
She's the One,804
"Time to Kill, A",805
American Buffalo,806
Rendezvous in Paris,807
Alaska,808
Fled,809
Kazaam,810
"Bewegte Mann, Der",811
Magic Hunter,812
Larger Than Life,813
"Boy Called Hate, A",814
Power 98,815
Two Deaths,816
"Very Brady Sequel, A",818
Stefano Quantestorie,819
Death in the Garden,820
"Crude Oasis, The",821
Hedd Wyn,822
"Collectionneuse, La",823
Kaspar Hauser,824
Echte Kerle,825
Diebinnen,826
"Convent, The",827
"Adventures of Pinocchio, The",828
Joe's Apartment,829
"First Wives Club, The",830
Stonewall,831
Ransom,832
High School High,833
Phat Beach,834
Foxfire,835
Chain Reaction,836
Matilda,837
Emma,838
"Crow: City of Angels, The",839
House Arrest,840
Eyes Without a Face,841
Tales from the Crypt Presents: Bordello of Blood,842
Lotto Land,843
"Story of Xinghua, The",844
"Day the Sun Turned Cold, The",845
Flirt,846
"Big Squeeze, The",847
"Spitfire Grill, The",848
Escape from L.A.,849
Cyclo,850
Basquiat,851
Tin Cup,852
Dingo,853
"Ballad of Narayama, The",854
Every Other Weekend,855
Mille bolle blu,856
Crows and Sparrows,857
"Godfather, The",858
"Hippie Revolution, The",859
"Maybe, Maybe Not",860
Supercop,861
Manny & Lo,862
Celestial Clockwork,863
"Wife, The",864
Small Faces,865
Bound,866
Carpool,867
Death in Brunswick,868
Kansas City,869
Gone Fishin',870
Lover's Knot,871
Aiqing wansui,872
Shadow of Angels,873
Killer: A Journal of Murder,874
Nothing to Lose,875
Police Story 4: Project S,876
Girls Town,877
Bye-Bye,878
"Relic, The",879
"Island of Dr. Moreau, The",880
First Kid,881
"Trigger Effect, The",882
Sweet Nothing,884
Bogus,885
Bulletproof,886
Talk of Angels,887
Land Before Time III: The Time of the Great Giving,888
1-900,889
Baton Rouge,890
Halloween: The Curse of Michael Myers,891
Twelfth Night,892
Mother Night,893
Liebelei,894
Venice/Venice,895
Wild Reeds,896
For Whom the Bell Tolls,897
"Philadelphia Story, The",898
Singin' in the Rain,899
"American in Paris, An",900
Funny Face,901
Breakfast at Tiffany's,902
Vertigo,903
Rear Window,904
It Happened One Night,905
Gaslight,906
"Gay Divorcee, The",907
North by Northwest,908
"Apartment, The",909
Some Like It Hot,910
Charade,911
Casablanca,912
"Maltese Falcon, The",913
My Fair Lady,914
Sabrina,915
Roman Holiday,916
"Little Princess, The",917
Meet Me in St. Louis,918
"Wizard of Oz, The",919
Gone with the Wind,920
My Favorite Year,921
Sunset Blvd.,922
Citizen Kane,923
2001: A Space Odyssey,924
Golden Earrings,925
All About Eve,926
"Women, The",927
Rebecca,928
Foreign Correspondent,929
Notorious,930
Spellbound,931
"Affair to Remember, An",932
To Catch a Thief,933
Father of the Bride,934
"Band Wagon, The",935
Ninotchka,936
Love in the Afternoon,937
Gigi,938
"Reluctant Debutante, The",939
"Adventures of Robin Hood, The",940
"Mark of Zorro, The",941
Laura,942
"Ghost and Mrs. Muir, The",943
Lost Horizon,944
Top Hat,945
To Be or Not to Be,946
My Man Godfrey,947
Giant,948
East of Eden,949
"Thin Man, The",950
His Girl Friday,951
Around the World in 80 Days,952
It's a Wonderful Life,953
Mr. Smith Goes to Washington,954
Bringing Up Baby,955
Penny Serenade,956
"Scarlet Letter, The",957
Lady of Burlesque,958
Of Human Bondage,959
Angel on My Shoulder,960
Little Lord Fauntleroy,961
They Made Me a Criminal,962
"Inspector General, The",963
Angel and the Badman,964
"39 Steps, The",965
"Walk in the Sun, A",966
"Outlaw, The",967
Night of the Living Dead,968
"African Queen, The",969
Beat the Devil,970
Cat on a Hot Tin Roof,971
"Last Time I Saw Paris, The",972
Meet John Doe,973
Algiers,974
Something to Sing About,975
"Farewell to Arms, A",976
Moonlight Murder,977
"Blue Angel, The",978
Nothing Personal,979
In the Line of Duty 2,980
Dangerous Ground,981
Picnic,982
Madagascar Skin,983
"Pompatus of Love, The",984
Small Wonders,985
Fly Away Home,986
Bliss,987
Grace of My Heart,988
Schlafes Bruder,989
Maximum Risk,990
Michael Collins,991
"Rich Man's Wife, The",992
Infinity,993
Big Night,994
Last Man Standing,996
Caught,997
Set It Off,998
2 Days in the Valley,999
Curdled,1000
"Associate, The",1001
Ed's Next Move,1002
Extreme Measures,1003
"Glimmer Man, The",1004
D3: The Mighty Ducks,1005
"Chamber, The",1006
"Apple Dumpling Gang, The",1007
"Davy Crockett, King of the Wild Frontier",1008
Escape to Witch Mountain,1009
"Love Bug, The",1010
Herbie Rides Again,1011
Old Yeller,1012
"Parent Trap, The",1013
Pollyanna,1014
Homeward Bound: The Incredible Journey,1015
"Shaggy Dog, The",1016
Swiss Family Robinson,1017
That Darn Cat!,1018
"20,000 Leagues Under the Sea",1019
Cool Runnings,1020
Angels in the Outfield,1021
Cinderella,1022
Winnie the Pooh and the Blustery Day,1023
"Three Caballeros, The",1024
"Sword in the Stone, The",1025
So Dear to My Heart,1026
Robin Hood: Prince of Thieves,1027
Mary Poppins,1028
Dumbo,1029
Pete's Dragon,1030
Bedknobs and Broomsticks,1031
Alice in Wonderland,1032
"Fox and the Hound, The",1033
Freeway,1034
"Sound of Music, The",1035
Die Hard,1036
"Lawnmower Man, The",1037
Unhook the Stars,1038
Synthetic Pleasures,1039
"Secret Agent, The",1040
Secrets & Lies,1041
That Thing You Do!,1042
To Gillian on Her 37th Birthday,1043
Surviving Picasso,1044
Love Is All There Is,1045
Beautiful Thing,1046
"Long Kiss Goodnight, The",1047
"Ghost and the Darkness, The",1049
Looking for Richard,1050
Trees Lounge,1051
"Proprietor, The",1052
Normal Life,1053
Get on the Bus,1054
Shadow Conspiracy,1055
Jude,1056
Everyone Says I Love You,1057
Bitter Sugar,1058
William Shakespeare's Romeo and Juliet,1059
Swingers,1060
Sleepers,1061
"Sunchaser, The",1062
Johns,1063
Aladdin and the King of Thieves,1064
"Woman in Question, The",1065
Shall We Dance?,1066
"Damsel in Distress, A",1067
Crossfire,1068
"Murder, My Sweet",1069
Macao,1070
For the Moment,1071
Willy Wonka and the Chocolate Factory,1073
"Sexual Life of the Belgians, The",1075
"Innocents, The",1076
Sleeper,1077
Bananas,1078
"Fish Called Wanda, A",1079
Monty Python's Life of Brian,1080
Victor/Victoria,1081
"Candidate, The",1082
"Great Race, The",1083
Bonnie and Clyde,1084
"Old Man and the Sea, The",1085
Dial M for Murder,1086
Madame Butterfly,1087
Dirty Dancing,1088
Reservoir Dogs,1089
Platoon,1090
Weekend at Bernie's,1091
Basic Instinct,1092
"Doors, The",1093
"Crying Game, The",1094
Glengarry Glen Ross,1095
Sophie's Choice,1096
E.T. the Extra-Terrestrial,1097
"Search for One-eye Jimmy, The",1098
"Christmas Carol, A",1099
Days of Thunder,1100
Top Gun,1101
American Strays,1102
Rebel Without a Cause,1103
"Streetcar Named Desire, A",1104
Children of the Corn IV: The Gathering,1105
"Leopard Son, The",1106
Loser,1107
Prerokbe Ognja,1108
Charm's Incidents,1109
Bird of Prey,1110
Microcosmos,1111
Palookaville,1112
"Associate, The",1113
"Funeral, The",1114
Sleepover,1115
"Single Girl, A",1116
"Eighth Day, The",1117
Tashunga,1118
Drunks,1119
"People vs. Larry Flynt, The",1120
Glory Daze,1121
Plutonium Circus,1122
"Perfect Candidate, A",1123
On Golden Pond,1124
"Return of the Pink Panther, The",1125
Drop Dead Fred,1126
"Abyss, The",1127
"Fog, The",1128
Escape from New York,1129
"Howling, The",1130
Jean de Florette,1131
Manon of the Spring,1132
Talking About Sex,1133
Johnny 100 Pesos,1134
Private Benjamin,1135
Monty Python and the Holy Grail,1136
Hustler White,1137
Dadetown,1138
Everything Relative,1139
Entertaining Angels: The Dorothy Day Story,1140
Hoogste tijd,1141
Get Over It,1142
Three Lives and Only One Death,1143
"Line King: Al Hirschfeld, The",1144
Snowriders,1145
Curtis's Charm,1146
When We Were Kings,1147
"Wrong Trousers, The",1148
JLG/JLG - autoportrait de d�cembre,1149
"Return of Martin Guerre, The",1150
Faust,1151
He Walked by Night,1152
Raw Deal,1153
T-Men,1154
"Invitation, The",1155
"Children Are Watching us, The",1156
"Symphonie pastorale, La",1157
Here Comes Cookie,1158
Love in Bloom,1159
Six of a Kind,1160
"Tin Drum, The",1161
"Ruling Class, The",1162
Mina Tannenbaum,1163
Two or Three Things I Know About Her,1164
"Bloody Child, The",1165
Farmer & Chase,1166
Dear God,1167
Bad Moon,1168
American Dream,1169
Best of the Best 3: No Turning Back,1170
Bob Roberts,1171
Cinema Paradiso,1172
"Cook the Thief His Wife & Her Lover, The",1173
Grosse Fatigue,1174
Delicatessen,1175
"Double Life of Veronique, The",1176
Enchanted April,1177
Paths of Glory,1178
"Grifters, The",1179
Hear My Song,1180
"Shooter, The",1181
"English Patient, The",1183
Mediterraneo,1184
My Left Foot,1185
"Sex, Lies, and Videotape",1186
Passion Fish,1187
Strictly Ballroom,1188
"Thin Blue Line, The",1189
Tie Me Up! Tie Me Down!,1190
Madonna: Truth or Dare,1191
Paris Is Burning,1192
One Flew Over the Cuckoo's Nest,1193
Up in Smoke,1194
Star Wars: Episode V - The Empire Strikes Back,1196
"Princess Bride, The",1197
Raiders of the Lost Ark,1198
Brazil,1199
Aliens,1200
"Good, The Bad and The Ugly, The",1201
Withnail and I,1202
12 Angry Men,1203
Lawrence of Arabia,1204
"Transformers: The Movie, The",1205
"Clockwork Orange, A",1206
To Kill a Mockingbird,1207
Apocalypse Now,1208
Once Upon a Time in the West,1209
Star Wars: Episode VI - Return of the Jedi,1210
Wings of Desire,1211
"Third Man, The",1212
GoodFellas,1213
Alien,1214
Army of Darkness,1215
"Big Blue, The",1216
Ran,1217
"Killer, The",1218
Psycho,1219
"Blues Brothers, The",1220
"Godfather: Part II, The",1221
Full Metal Jacket,1222
"Grand Day Out, A",1223
Henry V,1224
Amadeus,1225
"Quiet Man, The",1226
Once Upon a Time in America,1227
Raging Bull,1228
Annie Hall,1230
"Right Stuff, The",1231
Stalker,1232
"Boat, The",1233
"Sting, The",1234
Harold and Maude,1235
Trust,1236
"Seventh Seal, The",1237
Local Hero,1238
"Terminator, The",1240
Braindead,1241
Glory,1242
Rosencrantz and Guildenstern Are Dead,1243
Manhattan,1244
Miller's Crossing,1245
Dead Poets Society,1246
"Graduate, The",1247
Touch of Evil,1248
Nikita,1249
"Bridge on the River Kwai, The",1250
8 1/2,1251
Chinatown,1252
"Day the Earth Stood Still, The",1253
"Treasure of the Sierra Madre, The",1254
Bad Taste,1255
Duck Soup,1256
Better Off Dead...,1257
"Shining, The",1258
Stand by Me,1259
M,1260
Evil Dead II,1261
"Great Escape, The",1262
"Deer Hunter, The",1263
Diva,1264
Groundhog Day,1265
Unforgiven,1266
"Manchurian Candidate, The",1267
Pump Up the Volume,1268
Arsenic and Old Lace,1269
Back to the Future,1270
Fried Green Tomatoes,1271
Patton,1272
Down by Law,1273
Akira,1274
Highlander,1275
Cool Hand Luke,1276
Cyrano de Bergerac,1277
Young Frankenstein,1278
Night on Earth,1279
Raise the Red Lantern,1280
"Great Dictator, The",1281
Fantasia,1282
High Noon,1283
"Big Sleep, The",1284
Heathers,1285
Somewhere in Time,1286
Ben-Hur,1287
This Is Spinal Tap,1288
Koyaanisqatsi,1289
Some Kind of Wonderful,1290
Indiana Jones and the Last Crusade,1291
Being There,1292
Gandhi,1293
M*A*S*H,1294
"Unbearable Lightness of Being, The",1295
"Room with a View, A",1296
Real Genius,1297
Pink Floyd - The Wall,1298
"Killing Fields, The",1299
My Life as a Dog,1300
Forbidden Planet,1301
Field of Dreams,1302
"Man Who Would Be King, The",1303
Butch Cassidy and the Sundance Kid,1304
"Paris, Texas",1305
Until the End of the World,1306
When Harry Met Sally...,1307
I Shot a Man in Vegas,1308
Parallel Sons,1309
Hype!,1310
Santa with Muscles,1311
Female Perversions,1312
Mad Dog Time,1313
Breathing Room,1314
Paris Was a Woman,1315
Anna,1316
I'm Not Rappaport,1317
Blue Juice,1318
Kids of Survival,1319
Alien�,1320
"American Werewolf in London, An",1321
Amityville 1992: It's About Time,1322
Amityville 3-D,1323
Amityville: Dollhouse,1324
Amityville: A New Generation,1325
Amityville II: The Possession,1326
"Amityville Horror, The",1327
"Amityville Curse, The",1328
Blood For Dracula,1329
April Fool's Day,1330
Audrey Rose,1331
"Believers, The",1332
"Birds, The",1333
"Blob, The",1334
Blood Beach,1335
Body Parts,1336
"Body Snatcher, The",1337
Bram Stoker's Dracula,1339
Bride of Frankenstein,1340
Burnt Offerings,1341
Candyman,1342
Cape Fear,1343
Cape Fear,1344
Carrie,1345
Cat People,1346
"Nightmare on Elm Street, A",1347
Nosferatu,1348
Nosferatu a Venezia,1349
"Omen, The",1350
Blood & Wine,1351
Albino Alligator,1352
"Mirror Has Two Faces, The",1353
Breaking the Waves,1354
Nightwatch,1355
Star Trek: First Contact,1356
Shine,1357
Sling Blade,1358
Jingle All the Way,1359
Identification of a Woman,1360
Paradise Lost: The Child Murders at Robin Hood Hills,1361
"Garden of Finzi-Contini, The",1362
"Preacher's Wife, The",1363
Zero Kelvin,1364
Ridicule,1365
"Crucible, The",1366
101 Dalmatians,1367
"Forbidden Christ, The",1368
I Can't Sleep,1369
Die Hard 2,1370
Star Trek: The Motion Picture,1371
Star Trek VI: The Undiscovered Country,1372
Star Trek V: The Final Frontier,1373
Star Trek: The Wrath of Khan,1374
Star Trek III: The Search for Spock,1375
Star Trek IV: The Voyage Home,1376
Batman Returns,1377
Young Guns,1378
Young Guns II,1379
Grease,1380
Grease 2,1381
Marked for Death,1382
Adrenalin: Fear the Rush,1383
"Substance of Fire, The",1384
Under Siege,1385
Terror in a Texas Town,1386
Jaws,1387
Jaws 2,1388
Jaws 3-D,1389
My Fellow Americans,1390
Mars Attacks!,1391
Citizen Ruth,1392
Jerry Maguire,1393
Raising Arizona,1394
Tin Men,1395
Sneakers,1396
Bastard Out of Carolina,1397
In Love and War,1398
Marvin's Room,1399
Somebody is Waiting,1400
Ghosts of Mississippi,1401
Night Falls on Manhattan,1404
Beavis and Butt-head Do America,1405
"C�r�monie, La",1406
Scream,1407
"Last of the Mohicans, The",1408
Michael,1409
"Evening Star, The",1410
Hamlet,1411
Some Mother's Son,1412
"Whole Wide World, The",1413
Mother,1414
Thieves,1415
Evita,1416
"Portrait of a Lady, The",1417
Walkabout,1419
Message to Love: The Isle of Wight Festival,1420
Grateful Dead,1421
Murder at 1600,1422
Hearts and Minds,1423
Inside,1424
Fierce Creatures,1425
Zeus and Roxanne,1426
Turbulence,1427
Angel Baby,1428
Jackie Chan's First Strike,1429
Underworld,1430
Beverly Hills Ninja,1431
Metro,1432
"Machine, The",1433
"Stranger, The",1434
Falling in Love Again,1436
"Cement Garden, The",1437
Dante's Peak,1438
Meet Wally Sparks,1439
Amos & Andrew,1440
Benny & Joon,1441
Prefontaine,1442
"Tickle in the Heart, A",1443
Guantanamera,1444
McHale's Navy,1445
Kolya,1446
Gridlock'd,1447
Fire on the Mountain,1448
Waiting for Guffman,1449
Prisoner of the Mountains,1450
"Beautician and the Beast, The",1453
SubUrbia,1454
Hotel de Love,1455
"Pest, The",1456
Fools Rush In,1457
Touch,1458
Absolute Power,1459
That Darn Cat!,1460
Vegas Vacation,1461
Unforgotten: Twenty-Five Years After Willowbrook,1462
That Old Feeling,1463
Lost Highway,1464
Rosewood,1465
Donnie Brasco,1466
Salut cousin!,1467
Booty Call,1468
Rhyme & Reason,1470
Boys Life 2,1471
City of Industry,1472
Best Men,1473
Jungle2Jungle,1474
Kama Sutra: A Tale of Love,1475
Private Parts,1476
Love Jones,1477
"Saint, The",1479
Smilla's Sense of Snow,1480
"Van, The",1482
Crash,1483
"Daytrippers, The",1484
Liar Liar,1485
"Quiet Room, The",1486
Selena,1487
"Devil's Own, The",1488
Cats Don't Dance,1489
B*A*P*S,1490
Love and Other Catastrophes,1493
"Sixth Man, The",1494
Turbo: A Power Rangers Movie,1495
Anna Karenina,1496
Double Team,1497
Inventing the Abbotts,1498
Anaconda,1499
Grosse Pointe Blank,1500
Keys to Tulsa,1501
Kissed,1502
8 Heads in a Duffel Bag,1503
Hollow Reed,1504
Paradise Road,1507
Traveller,1508
All Over Me,1509
"Brother's Kiss, A",1510
A Chef in Love,1511
Romy and Michele's High School Reunion,1513
Temptress Moon,1514
Volcano,1515
Children of the Revolution,1516
Austin Powers: International Man of Mystery,1517
Breakdown,1518
Broken English,1519
Commandments,1520
Ripe,1522
"Truth or Consequences, N.M.",1523
"Turning, The",1524
Warriors of Virtue,1525
Fathers' Day,1526
"Fifth Element, The",1527
Intimate Relations,1528
Nowhere,1529
Losing Chase,1531
Sprung,1532
"Promise, The",1533
"Bonheur, Le",1534
Love! Valour! Compassion!,1535
Shall We Dance?,1537
"Second Jungle Book: Mowgli & Baloo, The",1538
Twin Town,1539
Addicted to Love,1541
Brassed Off,1542
"Designated Mourner, The",1543
"Lost World: Jurassic Park, The",1544
Ponette,1545
Schizopolis,1546
Shiloh,1547
"War at Home, The",1548
Rough Magic,1549
Trial and Error,1550
Buddy,1551
Con Air,1552
Late Bloomers,1553
"Pillow Book, The",1554
"To Have, or Not",1555
Speed 2: Cruise Control,1556
Squeeze,1557
Sudden Manhattan,1558
"Next Step, The",1559
Wedding Bell Blues,1561
Batman & Robin,1562
Dream With the Fishes,1563
Roseanna's Grave,1564
Head Above Water,1565
Hercules,1566
"Last Time I Committed Suicide, The",1567
MURDER and murder,1568
My Best Friend's Wedding,1569
Tetsuo II: Body Hammer,1570
When the Cats Away,1571
Contempt,1572
Face/Off,1573
Fall,1574
Gabbeh,1575
Mondo,1577
"Innocent Sleep, The",1578
For Ever Mozart,1579
Men in Black,1580
Out to Sea,1581
Wild America,1582
"Simple Wish, A",1583
Contact,1584
Love Serenade,1585
G.I. Jane,1586
Conan the Barbarian,1587
George of the Jungle,1588
Cop Land,1589
Event Horizon,1590
Spawn,1591
Air Bud,1592
Picture Perfect,1593
In the Company of Men,1594
Free Willy 3: The Rescue,1595
Career Girls,1596
Conspiracy Theory,1597
Desperate Measures,1598
Steel,1599
She's So Lovely,1600
Hoodlum,1601
Leave It to Beaver,1602
Mimic,1603
Money Talks,1604
Excess Baggage,1605
Kull the Conqueror,1606
Air Force One,1608
187,1609
"Hunt for Red October, The",1610
My Own Private Idaho,1611
"Kiss Me, Guido",1612
Star Maps,1613
In & Out,1614
"Edge, The",1615
"Peacemaker, The",1616
L.A. Confidential,1617
Seven Years in Tibet,1619
Kiss the Girls,1620
Soul Food,1621
Kicked in the Head,1622
Wishmaster,1623
"Thousand Acres, A",1624
"Game, The",1625
Fire Down Below,1626
U Turn,1627
"Locusts, The",1628
"MatchMaker, The",1629
"Lay of the Land, The",1630
"Assignment, The",1631
"Smile Like Yours, A",1632
Ulee's Gold,1633
"Ice Storm, The",1635
Stag,1636
Chasing Amy,1639
How to Be a Player,1640
"Full Monty, The",1641
Indian Summer,1642
Mrs. Brown,1643
I Know What You Did Last Summer,1644
"Devil's Advocate, The",1645
Rocket Man,1646
Playing God,1647
"House of Yes, The",1648
"Fast, Cheap & Out of Control",1649
Washington Square,1650
Telling Lies in America,1651
Year of the Horse,1652
Gattaca,1653
FairyTale: A True Story,1654
Phantoms,1655
Swept from the Sea,1656
Wonderland,1657
"Life Less Ordinary, A",1658
Hurricane Streets,1659
Eve's Bayou,1660
Switchback,1661
Gang Related,1662
Stripes,1663
N�nette et Boni,1664
Bean,1665
Hugo Pool,1666
Mad City,1667
One Night Stand,1668
"Tango Lesson, The",1669
Welcome To Sarajevo,1670
Deceiver,1671
"Rainmaker, The",1672
Boogie Nights,1673
Witness,1674
Incognito,1675
Starship Troopers,1676
Critical Care,1677
"Joy Luck Club, The",1678
Chairman of the Board,1679
Sliding Doors,1680
Mortal Kombat: Annihilation,1681
"Truman Show, The",1682
"Wings of the Dove, The",1683
Mrs. Dalloway,1684
"I Love You, I Love You Not",1685
Red Corner,1686
"Jackal, The",1687
Anastasia,1688
"Man Who Knew Too Little, The",1689
Alien: Resurrection,1690
Alien Escape,1692
Amistad,1693
"Apostle, The",1694
Artemisia,1695
Bent,1696
"Big Bang Theory, The",1697
"Boys, Les",1698
"Butcher Boy, The",1699
Deconstructing Harry,1701
Flubber,1702
For Richer or Poorer,1703
Good Will Hunting,1704
Guy,1705
Harlem River Drive,1706
Home Alone 3,1707
Ill Gotten Gains,1708
Legal Deceit,1709
Man of Her Dreams,1710
Midnight in the Garden of Good and Evil,1711
Mouse Hunt,1713
Never Met Picasso,1714
Office Killer,1715
"Other Voices, Other Rooms",1716
Scream 2,1717
Stranger in the House,1718
"Sweet Hereafter, The",1719
Time Tracers,1720
Titanic,1721
Tomorrow Never Dies,1722
Twisted,1723
Full Speed,1724
"Education of Little Tree, The",1725
"Postman, The",1726
"Horse Whisperer, The",1727
"Winter Guest, The",1728
Jackie Brown,1729
Kundun,1730
Mr. Magoo,1731
"Big Lebowski, The",1732
Afterglow,1733
My Life in Pink,1734
Great Expectations,1735
Vermin,1738
3 Ninjas: High Noon On Mega Mountain,1739
Men of Means,1740
Midaq Alley,1741
Caught Up,1742
Arguing the World,1743
Firestorm,1744
Senseless,1746
Wag the Dog,1747
Dark City,1748
"Leading Man, The",1749
Star Kid,1750
Hard Rain,1752
Half Baked,1753
Fallen,1754
Shooting Fish,1755
"Prophecy II, The",1756
Duoluo tianshi,1757
Dangerous Beauty,1758
Four Days in September,1759
Spice World,1760
Deep Rising,1762
Tainted,1764
"Letter From Death Row, A",1765
Music From Another Room,1767
Mat' i syn,1768
"Replacement Killers, The",1769
B. Monkey,1770
Night Flier,1771
Blues Brothers 2000,1772
Tokyo Fist,1773
Mass Transit,1774
Ride,1776
"Wedding Singer, The",1777
Sphere,1779
Ayn Rand: A Sense of Life,1780
"Further Gesture, A",1781
Little City,1782
Palmetto,1783
As Good As It Gets,1784
King of New York,1785
"Paralyzing Fear: The Story of Polio in America, A",1787
Men With Guns,1788
"Sadness of Sex, The",1789
Twilight,1791
U.S. Marshalls,1792
Welcome to Woop-Woop,1793
Love and Death on Long Island,1794
"Callej�n de los milagros, El",1795
In God's Hands,1796
Everest,1797
Hush,1798
Suicide Kings,1799
"Man in the Iron Mask, The",1801
"Newton Boys, The",1804
Wild Things,1805
Paulie,1806
"Cool Dry Place, A",1807
Hana-bi,1809
Primary Colors,1810
"Niagara, Niagara",1811
Wide Awake,1812
"Price Above Rubies, A",1814
Eden,1815
Two Girls and a Guy,1816
No Looking Back,1817
Storefront Hitchcock,1819
"Proposition, The",1820
"Object of My Affection, The",1821
Meet the Deedles,1822
Homegrown,1824
"Player's Club, The",1825
Barney's Great Adventure,1826
"Big One, The",1827
Chinese Box,1829
Follow the Bitch,1830
Lost in Space,1831
Heaven's Burning,1832
Mercury Rising,1833
"Spanish Prisoner, The",1834
City of Angels,1835
"Last Days of Disco, The",1836
"Odd Couple II, The",1837
My Giant,1839
He Got Game,1840
"Gingerbread Man, The",1841
Illtown,1842
Slappy and the Stinkers,1843
Live Flesh,1844
Zero Effect,1845
Nil By Mouth,1846
Ratchet,1847
"Borrowers, The",1848
Prince Valiant,1849
"I Love You, Don't Touch Me!",1850
Leather Jacket Love Story,1851
Love Walked In,1852
"Alan Smithee Film: Burn Hollywood Burn, An",1853
Kissing a Fool,1854
Krippendorf's Tribe,1855
Kurt & Courtney,1856
"Real Blonde, The",1857
Mr. Nice Guy,1858
Taste of Cherry,1859
Character,1860
Junk Mail,1861
Species II,1862
Major League: Back to the Minors,1863
Sour Grapes,1864
Wild Man Blues,1865
"Big Hit, The",1866
Tarzan and the Lost City,1867
"Truce, The",1868
Black Dog,1869
"Dancer, Texas Pop. 81",1870
"Friend of the Deceased, A",1871
Go Now,1872
"Mis�rables, Les",1873
Still Breathing,1874
Clockwatchers,1875
Deep Impact,1876
Little Men,1877
Woo,1878
"Hanging Garden, The",1879
Lawn Dogs,1880
Quest for Camelot,1881
Godzilla,1882
Bulworth,1883
Fear and Loathing in Las Vegas,1884
"Opposite of Sex, The",1885
I Got the Hook Up,1886
Almost Heroes,1887
Hope Floats,1888
Insomnia,1889
Little Boy Blue,1890
"Ugly, The",1891
"Perfect Murder, A",1892
Beyond Silence,1893
Six Days Seven Nights,1894
Can't Hardly Wait,1895
Cousin Bette,1896
High Art,1897
"Land Girls, The",1898
Passion in the Desert,1899
"Children of Heaven, The",1900
Dear Jesse,1901
Dream for an Insomniac,1902
Hav Plenty,1903
Henry Fool,1904
Marie Baie Des Anges,1905
Mr. Jealousy,1906
Mulan,1907
Resurrection Man,1908
"X-Files: Fight the Future, The",1909
I Went Down,1910
Doctor Dolittle,1911
Out of Sight,1912
Picnic at Hanging Rock,1913
Smoke Signals,1914
Voyage to the Beginning of the World,1915
Buffalo 66,1916
Armageddon,1917
Lethal Weapon 4,1918
Madeline,1919
Small Soldiers,1920
Pi,1921
Whatever,1922
There's Something About Mary,1923
Plan 9 from Outer Space,1924
Wings,1925
"Broadway Melody, The",1926
All Quiet on the Western Front,1927
Cimarron,1928
Grand Hotel,1929
Cavalcade,1930
Mutiny on the Bounty,1931
"Great Ziegfeld, The",1932
"Life of �mile Zola, The",1933
You Can't Take It With You,1934
How Green Was My Valley,1935
Mrs. Miniver,1936
Going My Way,1937
"Lost Weekend, The",1938
"Best Years of Our Lives, The",1939
Gentleman's Agreement,1940
Hamlet,1941
All the King's Men,1942
"Greatest Show on Earth, The",1943
From Here to Eternity,1944
On the Waterfront,1945
Marty,1946
West Side Story,1947
Tom Jones,1948
"Man for All Seasons, A",1949
In the Heat of the Night,1950
Oliver!,1951
Midnight Cowboy,1952
"French Connection, The",1953
Rocky,1954
Kramer Vs. Kramer,1955
Ordinary People,1956
Chariots of Fire,1957
Terms of Endearment,1958
Out of Africa,1959
"Last Emperor, The",1960
Rain Man,1961
Driving Miss Daisy,1962
Take the Money and Run,1963
Klute,1964
Repo Man,1965
Metropolitan,1966
Labyrinth,1967
"Breakfast Club, The",1968
"Nightmare on Elm Street Part 2: Freddy's Revenge, A",1969
"Nightmare on Elm Street 3: Dream Warriors, A",1970
"Nightmare on Elm Street 4: The Dream Master, A",1971
"Nightmare on Elm Street 5: The Dream Child, A",1972
Freddy's Dead: The Final Nightmare,1973
Friday the 13th,1974
Friday the 13th Part 2,1975
Friday the 13th Part 3: 3D,1976
Friday the 13th: The Final Chapter,1977
Friday the 13th Part V: A New Beginning,1978
Friday the 13th Part VI: Jason Lives,1979
Friday the 13th Part VII: The New Blood,1980
Friday the 13th Part VIII: Jason Takes Manhattan,1981
Halloween,1982
Halloween II,1983
Halloween III: Season of the Witch,1984
Halloween 4: The Return of Michael Myers,1985
Halloween 5: The Revenge of Michael Myers,1986
Prom Night,1987
Hello Mary Lou: Prom Night II,1988
Prom Night III: The Last Kiss,1989
Prom Night IV: Deliver Us From Evil,1990
Child's Play,1991
Child's Play 2,1992
Child's Play 3,1993
Poltergeist,1994
Poltergeist II: The Other Side,1995
Poltergeist III,1996
"Exorcist, The",1997
Exorcist II: The Heretic,1998
"Exorcist III, The",1999
Lethal Weapon,2000
Lethal Weapon 2,2001
Lethal Weapon 3,2002
Gremlins,2003
Gremlins 2: The New Batch,2004
"Goonies, The",2005
"Mask of Zorro, The",2006
Polish Wedding,2007
"This World, Then the Fireworks",2008
Soylent Green,2009
Metropolis,2010
Back to the Future Part II,2011
Back to the Future Part III,2012
"Poseidon Adventure, The",2013
Freaky Friday,2014
"Absent Minded Professor, The",2015
"Apple Dumpling Gang Rides Again, The",2016
Babes in Toyland,2017
Bambi,2018
Seven Samurai,2019
Dangerous Liaisons,2020
Dune,2021
"Last Temptation of Christ, The",2022
"Godfather: Part III, The",2023
"Rapture, The",2024
Lolita,2025
Disturbing Behavior,2026
Mafia!,2027
Saving Private Ryan,2028
Billy's Hollywood Screen Kiss,2029
East Palace West Palace,2030
"$1,000,000 Duck",2031
"Barefoot Executive, The",2032
"Black Cauldron, The",2033
"Black Hole, The",2034
Blackbeard's Ghost,2035
Blank Check,2036
Candleshoe,2037
"Cat from Outer Space, The",2038
Cheetah,2039
"Computer Wore Tennis Shoes, The",2040
Condorman,2041
D2: The Mighty Ducks,2042
Darby O'Gill and the Little People,2043
"Devil and Max Devlin, The",2044
"Far Off Place, A",2045
Flight of the Navigator,2046
"Gnome-Mobile, The",2047
"Great Mouse Detective, The",2048
"Happiest Millionaire, The",2049
Herbie Goes Bananas,2050
Herbie Goes to Monte Carlo,2051
Hocus Pocus,2052
"Honey, I Blew Up the Kid",2053
"Honey, I Shrunk the Kids",2054
Hot Lead and Cold Feet,2055
In Search of the Castaways,2056
"Incredible Journey, The",2057
"Negotiator, The",2058
"Parent Trap, The",2059
BASEketball,2060
Full Tilt Boogie,2061
"Governess, The",2062
Seventh Heaven,2063
Roger & Me,2064
"Purple Rose of Cairo, The",2065
Out of the Past,2066
Doctor Zhivago,2067
Fanny and Alexander,2068
"Trip to Bountiful, The",2069
Tender Mercies,2070
And the Band Played On,2071
"'burbs, The",2072
Fandango,2073
"Night Porter, The",2074
Mephisto,2075
Blue Velvet,2076
"Journey of Natty Gann, The",2077
"Jungle Book, The",2078
Kidnapped,2079
Lady and the Tramp,2080
"Little Mermaid, The",2081
"Mighty Ducks, The",2082
"Muppet Christmas Carol, The",2083
Newsies,2084
101 Dalmatians,2085
One Magic Christmas,2086
Peter Pan,2087
Popeye,2088
"Rescuers Down Under, The",2089
"Rescuers, The",2090
Return from Witch Mountain,2091
"Return of Jafar, The",2092
Return to Oz,2093
"Rocketeer, The",2094
"Shaggy D.A., The",2095
Sleeping Beauty,2096
Something Wicked This Way Comes,2097
Son of Flubber,2098
Song of the South,2099
Splash,2100
Squanto: A Warrior's Tale,2101
Steamboat Willie,2102
Tall Tale,2103
Tex,2104
Tron,2105
Swing Kids,2106
Halloween: H20,2107
L.A. Story,2108
"Jerk, The",2109
Dead Men Don't Wear Plaid,2110
"Man with Two Brains, The",2111
Grand Canyon,2112
Graveyard Shift,2113
"Outsiders, The",2114
Indiana Jones and the Temple of Doom,2115
"Lord of the Rings, The",2116
Nineteen Eighty-Four,2117
"Dead Zone, The",2118
Maximum Overdrive,2119
Needful Things,2120
Cujo,2121
Children of the Corn,2122
All Dogs Go to Heaven,2123
"Addams Family, The",2124
Ever After: A Cinderella Story,2125
Snake Eyes,2126
"First Love, Last Rites",2127
Safe Men,2128
"Saltmen of Tibet, The",2129
Atlantic City,2130
Autumn Sonata,2131
Who's Afraid of Virginia Woolf?,2132
Adventures in Babysitting,2133
Weird Science,2134
Doctor Dolittle,2135
"Nutty Professor, The",2136
Charlotte's Web,2137
Watership Down,2138
"Secret of NIMH, The",2139
"Dark Crystal, The",2140
"American Tail, An",2141
"American Tail: Fievel Goes West, An",2142
Legend,2143
Sixteen Candles,2144
Pretty in Pink,2145
St. Elmo's Fire,2146
"Clan of the Cave Bear, The",2147
House,2148
House II: The Second Story,2149
"Gods Must Be Crazy, The",2150
"Gods Must Be Crazy II, The",2151
Air Bud: Golden Receiver,2152
"Avengers, The",2153
How Stella Got Her Groove Back,2154
"Slums of Beverly Hills, The",2155
"Best Man, The",2156
"Chambermaid on the Titanic, The",2157
"Henry: Portrait of a Serial Killer, Part 2",2158
Henry: Portrait of a Serial Killer,2159
Rosemary's Baby,2160
"NeverEnding Story, The",2161
"NeverEnding Story II: The Next Chapter, The",2162
Attack of the Killer Tomatoes!,2163
Surf Nazis Must Die,2164
Your Friends and Neighbors,2165
Return to Paradise,2166
Blade,2167
Dance with Me,2168
Dead Man on Campus,2169
Wrongfully Accused,2170
"Next Stop, Wonderland",2171
Strike!,2172
"Navigator: A Mediaeval Odyssey, The",2173
Beetlejuice,2174
D�j� Vu,2175
Rope,2176
Family Plot,2177
Frenzy,2178
Topaz,2179
Torn Curtain,2180
Marnie,2181
"Wrong Man, The",2182
"Man Who Knew Too Much, The",2183
"Trouble with Harry, The",2184
I Confess,2185
Strangers on a Train,2186
Stage Fright,2187
54,2188
I Married A Strange Person,2189
Why Do Fools Fall In Love?,2190
"Merry War, A",2191
See the Sea,2192
Willow,2193
"Untouchables, The",2194
Dirty Work,2195
Knock Off,2196
Firelight,2197
Modulations,2198
Phoenix,2199
Under Capricorn,2200
"Paradine Case, The",2201
Lifeboat,2202
Shadow of a Doubt,2203
Saboteur,2204
Mr. & Mrs. Smith,2205
Suspicion,2206
Jamaica Inn,2207
"Lady Vanishes, The",2208
Young and Innocent,2209
Sabotage,2210
Secret Agent,2211
"Man Who Knew Too Much, The",2212
Waltzes from Vienna,2213
Number Seventeen,2214
Rich and Strange,2215
"Skin Game, The",2216
Elstree Calling,2217
Juno and Paycock,2218
Murder!,2219
"Manxman, The",2220
Blackmail,2221
Champagne,2222
"Farmer's Wife, The",2223
Downhill,2224
Easy Virtue,2225
"Ring, The",2226
"Lodger, The",2227
"Mountain Eagle, The",2228
"Pleasure Garden, The",2229
Always Tell Your Wife,2230
Rounders,2231
Cube,2232
Digging to China,2233
Let's Talk About Sex,2234
One Man's Hero,2235
Simon Birch,2236
Without Limits,2237
Seven Beauties,2238
Swept Away,2239
My Bodyguard,2240
Class,2241
"Grandview, U.S.A.",2242
Broadcast News,2243
"Allnighter, The",2244
Working Girl,2245
Stars and Bars,2246
Married to the Mob,2247
Say Anything...,2248
My Blue Heaven,2249
Men Don't Leave,2250
"Cabinet of Dr. Ramirez, The",2251
Hero,2252
Toys,2253
Choices,2254
Young Doctors in Love,2255
Parasite,2256
No Small Affair,2257
Master Ninja I,2258
Blame It on Rio,2259
Wisdom,2260
One Crazy Summer,2261
About Last Night...,2262
"Seventh Sign, The",2263
We're No Angels,2264
Nothing But Trouble,2265
"Butcher's Wife, The",2266
Mortal Thoughts,2267
"Few Good Men, A",2268
Indecent Proposal,2269
"Century of Cinema, A",2270
Permanent Midnight,2271
One True Thing,2272
Rush Hour,2273
Lilian's Story,2274
Six-String Samurai,2275
"Soldier's Daughter Never Cries, A",2276
Somewhere in the City,2277
Ronin,2278
Urban Legend,2279
Clay Pigeons,2280
Monument Ave.,2281
Pecker,2282
"Sheltering Sky, The",2283
Bandit Queen,2284
If....,2285
"Fiendish Plot of Dr. Fu Manchu, The",2286
Them!,2287
"Thing, The",2288
"Player, The",2289
Stardust Memories,2290
Edward Scissorhands,2291
Overnight Delivery,2292
Shadrach,2293
Antz,2294
"Impostors, The",2295
"Night at the Roxbury, A",2296
What Dreams May Come,2297
Strangeland,2298
"Battle of the Sexes, The",2299
"Producers, The",2300
History of the World: Part I,2301
My Cousin Vinny,2302
Nashville,2303
Love Is the Devil,2304
Slam,2305
Holy Man,2306
One Tough Cop,2307
Detroit 9000,2308
"Inheritors, The",2309
"Mighty, The",2310
2010,2311
Children of a Lesser God,2312
"Elephant Man, The",2313
Beloved,2314
Bride of Chucky,2315
Practical Magic,2316
"Alarmist, The",2317
Happiness,2318
Reach the Rock,2319
Apt Pupil,2320
Pleasantville,2321
Soldier,2322
"Cruise, The",2323
Life Is Beautiful,2324
Orgazmo,2325
Shattered Image,2326
Tales from the Darkside: The Movie,2327
Vampires,2328
American History X,2329
Hands on a Hard Body,2330
Living Out Loud,2331
Belly,2332
Gods and Monsters,2333
"Siege, The",2334
"Waterboy, The",2335
Elizabeth,2336
Velvet Goldmine,2337
I Still Know What You Did Last Summer,2338
I'll Be Home For Christmas,2339
Meet Joe Black,2340
Dancing at Lughnasa,2341
Hard Core Logo,2342
"Naked Man, The",2343
Runaway Train,2344
Desert Bloom,2345
"Stepford Wives, The",2346
"Pope of Greenwich Village, The",2347
Sid and Nancy,2348
Mona Lisa,2349
Heart Condition,2350
Nights of Cabiria,2351
"Big Chill, The",2352
Enemy of the State,2353
"Rugrats Movie, The",2354
"Bug's Life, A",2355
Celebrity,2356
Central Station,2357
Savior,2358
Waking Ned Devine,2359
"Celebration, The",2360
Pink Flamingos,2361
Glen or Glenda,2362
Godzilla,2363
Godzilla,2364
King Kong vs. Godzilla,2365
King Kong,2366
King Kong,2367
King Kong Lives,2368
Desperately Seeking Susan,2369
"Emerald Forest, The",2370
Fletch,2371
Fletch Lives,2372
Red Sonja,2373
Gung Ho,2374
"Money Pit, The",2375
"View to a Kill, A",2376
Lifeforce,2377
Police Academy,2378
Police Academy 2: Their First Assignment,2379
Police Academy 3: Back in Training,2380
Police Academy 4: Citizens on Patrol,2381
Police Academy 5: Assignment: Miami Beach,2382
Police Academy 6: City Under Siege,2383
Babe: Pig in the City,2384
Home Fries,2385
Jerry Springer: Ringmaster,2386
Very Bad Things,2387
Steam: The Turkish Bath,2388
Psycho,2389
Little Voice,2390
"Simple Plan, A",2391
Jack Frost,2392
Star Trek: Insurrection,2393
"Prince of Egypt, The",2394
Rushmore,2395
Shakespeare in Love,2396
Mass Appeal,2397
Miracle on 34th Street,2398
Santa Claus: The Movie,2399
Prancer,2400
Pale Rider,2401
Rambo: First Blood Part II,2402
First Blood,2403
Rambo III,2404
"Jewel of the Nile, The",2405
Romancing the Stone,2406
Cocoon,2407
Cocoon: The Return,2408
Rocky II,2409
Rocky III,2410
Rocky IV,2411
Rocky V,2412
Clue,2413
Young Sherlock Holmes,2414
Violets Are Blue...,2415
Back to School,2416
Heartburn,2417
Nothing in Common,2418
Extremities,2419
"Karate Kid, The",2420
"Karate Kid, Part II, The",2421
"Karate Kid III, The",2422
Christmas Vacation,2423
You've Got Mail,2424
"General, The",2425
"Theory of Flight, The",2426
"Thin Red Line, The",2427
"Faculty, The",2428
Mighty Joe Young,2429
Mighty Joe Young,2430
Patch Adams,2431
Stepmom,2432
"Civil Action, A",2433
Down in the Delta,2434
Hurlyburly,2435
Tea with Mussolini,2436
Wilde,2437
Outside Ozona,2438
Affliction,2439
Another Day in Paradise,2440
"Hi-Lo Country, The",2441
Hilary and Jackie,2442
Playing by Heart,2443
24 7: Twenty Four Seven,2444
At First Sight,2445
In Dreams,2446
Varsity Blues,2447
Virus,2448
"Garbage Pail Kids Movie, The",2449
Howard the Duck,2450
"Gate, The",2451
"Gate II: Trespassers, The",2452
"Boy Who Could Fly, The",2453
"Fly, The",2454
"Fly, The",2455
"Fly II, The",2456
Running Scared,2457
Armed and Dangerous,2458
"Texas Chainsaw Massacre, The",2459
"Texas Chainsaw Massacre 2, The",2460
Leatherface: Texas Chainsaw Massacre III,2461
"Return of the Texas Chainsaw Massacre, The",2462
Ruthless People,2463
Trick or Treat,2464
Deadly Friend,2465
Belizaire the Cajun,2466
"Name of the Rose, The",2467
Jumpin' Jack Flash,2468
Peggy Sue Got Married,2469
Crocodile Dundee,2470
Crocodile Dundee II,2471
Tough Guys,2472
Soul Man,2473
"Color of Money, The",2474
52 Pick-Up,2475
Heartbreak Ridge,2476
Firewalker,2477
Three Amigos!,2478
Gloria,2479
Dry Cleaning,2480
My Name Is Joe,2481
Still Crazy,2482
"Day of the Beast, The",2483
Tinseltown,2484
She's All That,2485
24-hour Woman,2486
"Blood, Guts, Bullets and Octane",2487
Peeping Tom,2488
Spanish Fly,2489
Payback,2490
Simply Irresistible,2491
20 Dates,2492
"Harmonists, The",2493
"Last Days, The",2494
"Fantastic Planet, The",2495
Blast from the Past,2496
Message in a Bottle,2497
My Favorite Martian,2498
God Said 'Ha!',2499
Jawbreaker,2500
October Sky,2501
Office Space,2502
"Apple, The",2503
200 Cigarettes,2504
8MM,2505
"Other Sister, The",2506
Breakfast of Champions,2507
"Breaks, The",2508
Eight Days a Week,2509
Just the Ticket,2510
"Long Goodbye, The",2511
"Ballad of Narayama, The",2512
Pet Sematary,2513
Pet Sematary II,2514
Children of the Corn II: The Final Sacrifice,2515
Children of the Corn III,2516
Christine,2517
Night Shift,2518
House on Haunted Hill,2519
Airport,2520
Airport 1975,2521
Airport '77,2522
Rollercoaster,2523
"Towering Inferno, The",2524
Alligator,2525
Meteor,2526
Westworld,2527
Logan's Run,2528
Planet of the Apes,2529
Beneath the Planet of the Apes,2530
Battle for the Planet of the Apes,2531
Conquest of the Planet of the Apes,2532
Escape from the Planet of the Apes,2533
Avalanche,2534
Earthquake,2535
"Concorde: Airport '79, The",2536
Beyond the Poseidon Adventure,2537
Dancemaker,2538
Analyze This,2539
"Corruptor, The",2540
Cruel Intentions,2541
"Lock, Stock & Two Smoking Barrels",2542
Six Ways to Sunday,2543
"School of Flesh, The",2544
Relax... It's Just Sex,2545
"Deep End of the Ocean, The",2546
Harvest,2547
"Rage: Carrie 2, The",2548
Wing Commander,2549
"Haunting, The",2550
Dead Ringers,2551
My Boyfriend's Back,2552
Village of the Damned,2553
Children of the Damned,2554
Baby Geniuses,2555
Telling You,2556
I Stand Alone,2557
Forces of Nature,2558
"King and I, The",2559
Ravenous,2560
True Crime,2561
Bandits,2562
Beauty,2563
"Empty Mirror, The",2564
"King and I, The",2565
Doug's 1st Movie,2566
EDtv,2567
"Mod Squad, The",2568
Among Giants,2569
"Walk on the Moon, A",2570
"Matrix, The",2571
10 Things I Hate About You,2572
Tango,2573
"Out-of-Towners, The",2574
"Dreamlife of Angels, The",2575
"Love, etc.",2576
Metroland,2577
"Sticky Fingers of Time, The",2578
Following,2579
Go,2580
Never Been Kissed,2581
Twin Dragons,2582
Cookie's Fortune,2583
Foolish,2584
"Lovers of the Arctic Circle, The",2585
"Goodbye, Lover",2586
Life,2587
Clubland,2588
Friends & Lovers,2589
Hideous Kinky,2590
Jeanne and the Perfect Guy,2591
"Joyriders, The",2592
"Monster, The",2593
Open Your Eyes,2594
Photographer,2595
SLC Punk!,2596
Lost & Found,2597
Pushing Tin,2598
Election,2599
eXistenZ,2600
"Little Bit of Soul, A",2601
Mighty Peking Man,2602
N�,2603
Let it Come Down: The Life of Paul Bowles,2604
Entrapment,2605
Idle Hands,2606
Get Real,2607
Heaven,2608
"King of Masks, The",2609
Three Seasons,2610
"Winslow Boy, The",2611
Mildred Pierce,2612
Night of the Comet,2613
Chopping Mall,2614
My Science Project,2615
Dick Tracy,2616
"Mummy, The",2617
"Castle, The",2618
Mascara,2619
This Is My Father,2620
Xiu Xiu: The Sent-Down Girl,2621
"Midsummer Night's Dream, A",2622
Trippin',2623
After Life,2624
Black Mask,2625
Edge of Seventeen,2626
Endurance,2627
Star Wars: Episode I - The Phantom Menace,2628
"Love Letter, The",2629
Besieged,2630
Frogs for Snakes,2631
"Saragossa Manuscript, The",2632
"Mummy, The",2633
"Mummy, The",2634
"Mummy's Curse, The",2635
"Mummy's Ghost, The",2636
"Mummy's Hand, The",2637
"Mummy's Tomb, The",2638
Mommie Dearest,2639
Superman,2640
Superman II,2641
Superman III,2642
Superman IV: The Quest for Peace,2643
Dracula,2644
Dracula,2645
House of Dracula,2646
House of Frankenstein,2647
Frankenstein,2648
Son of Frankenstein,2649
"Ghost of Frankenstein, The",2650
Frankenstein Meets the Wolf Man,2651
"Curse of Frankenstein, The",2652
Son of Dracula,2653
"Wolf Man, The",2654
Howling II: Your Sister Is a Werewolf,2655
Tarantula,2656
"Rocky Horror Picture Show, The",2657
"Flying Saucer, The",2658
It Came from Hollywood,2659
"Thing From Another World, The",2660
It Came from Outer Space,2661
"War of the Worlds, The",2662
It Came from Beneath the Sea,2663
Invasion of the Body Snatchers,2664
Earth Vs. the Flying Saucers,2665
It Conquered the World,2666
"Mole People, The",2667
Swamp Thing,2668
Pork Chop Hill,2669
"Run Silent, Run Deep",2670
Notting Hill,2671
"Thirteenth Floor, The",2672
Eternity and a Day,2673
"Loss of Sexual Innocence, The",2674
Twice Upon a Yesterday,2675
Instinct,2676
Buena Vista Social Club,2677
Desert Blue,2678
Finding North,2679
Floating,2680
Free Enterprise,2681
Limbo,2682
Austin Powers: The Spy Who Shagged Me,2683
Taxman,2684
"Red Dwarf, The",2685
"Red Violin, The",2686
Tarzan,2687
"General's Daughter, The",2688
Get Bruce,2689
"Ideal Husband, An",2690
"Legend of 1900, The",2691
Run Lola Run,2692
Trekkies,2693
Big Daddy,2694
"Boys, The",2695
"Dinner Game, The",2696
My Son the Fanatic,2697
Zone 39,2698
Arachnophobia,2699
"South Park: Bigger, Longer and Uncut",2700
Wild Wild West,2701
Summer of Sam,2702
Broken Vessels,2703
"Lovers on the Bridge, The",2704
"Late August, Early September",2705
American Pie,2706
Arlington Road,2707
"Autumn Tale, An",2708
Muppets From Space,2709
"Blair Witch Project, The",2710
My Life So Far,2711
Eyes Wide Shut,2712
Lake Placid,2713
"Wood, The",2714
"Velocity of Gary, The",2715
Ghostbusters,2716
Ghostbusters II,2717
Drop Dead Gorgeous,2718
"Haunting, The",2719
Inspector Gadget,2720
Trick,2721
Deep Blue Sea,2722
Mystery Men,2723
Runaway Bride,2724
Twin Falls Idaho,2725
"Killing, The",2726
Killer's Kiss,2727
Spartacus,2728
Lolita,2729
Barry Lyndon,2730
"400 Blows, The",2731
Jules and Jim,2732
Vibes,2733
"Mosquito Coast, The",2734
"Golden Child, The",2735
Brighton Beach Memoirs,2736
Assassination,2737
Crimes of the Heart,2738
"Color Purple, The",2739
"Kindred, The",2740
No Mercy,2741
M�nage,2742
Native Son,2743
Otello,2744
"Mission, The",2745
Little Shop of Horrors,2746
"Little Shop of Horrors, The",2747
Allan Quartermain and the Lost City of Gold,2748
"Morning After, The",2749
Radio Days,2750
From the Hip,2751
Outrageous Fortune,2752
"Bedroom Window, The",2753
Deadtime Stories,2754
Light of Day,2755
Wanted: Dead or Alive,2756
Frances,2757
Plenty,2758
Dick,2759
"Gambler, The",2760
"Iron Giant, The",2761
"Sixth Sense, The",2762
"Thomas Crown Affair, The",2763
"Thomas Crown Affair, The",2764
"Acid House, The",2765
"Adventures of Sebastian Cole, The",2766
Illuminata,2767
Stiff Upper Lips,2768
"Yards, The",2769
Bowfinger,2770
Brokedown Palace,2771
Detroit Rock City,2772
Alice and Martin,2773
Better Than Chocolate,2774
Head On,2775
"Marcello Mastroianni: I Remember Yes, I Remember",2776
Cobra,2777
Never Talk to Strangers,2778
Heaven Can Wait,2779
"Raven, The",2780
"Tingler, The",2781
Pit and the Pendulum,2782
"Tomb of Ligeia, The",2783
"Masque of the Red Death, The",2784
Tales of Terror,2785
Haunted Honeymoon,2786
Cat's Eye,2787
And Now for Something Completely Different,2788
Damien: Omen II,2789
"Final Conflict, The",2790
Airplane!,2791
Airplane II: The Sequel,2792
"American Werewolf in Paris, An",2793
European Vacation,2794
Vacation,2795
Funny Farm,2796
Big,2797
Problem Child,2798
Problem Child 2,2799
Little Nemo: Adventures in Slumberland,2800
Oscar and Lucinda,2801
Tequila Sunrise,2802
"Pelican Brief, The",2803
"Christmas Story, A",2804
Mickey Blue Eyes,2805
Teaching Mrs. Tingle,2806
Universal Soldier: The Return,2807
Universal Soldier,2808
Love Stinks,2809
Perfect Blue,2810
With Friends Like These...,2811
In Too Deep,2812
"Source, The",2813
"Bat, The",2814
Iron Eagle,2815
Iron Eagle II,2816
Aces: Iron Eagle III,2817
Iron Eagle IV,2818
Three Days of the Condor,2819
Hamlet,2820
Male and Female,2821
Medicine Man,2822
"Spiders, The",2823
On the Ropes,2824
Rosie,2825
"13th Warrior, The",2826
"Astronaut's Wife, The",2827
Dudley Do-Right,2828
"Muse, The",2829
Cabaret Balkan,2830
"Dog of Flanders, A",2831
"Lost Son, The",2832
Lucie Aubrac,2833
"Very Thought of You, The",2834
Chill Factor,2835
Outside Providence,2836
Bedrooms & Hallways,2837
I Woke Up Early the Day I Died,2838
West Beirut,2839
Stigmata,2840
Stir of Echoes,2841
Best Laid Plans,2842
"Black Cat, White Cat",2843
"Minus Man, The",2844
White Boys,2845
"Adventures of Milo and Otis, The",2846
Only Angels Have Wings,2847
Othello,2848
Queens Logic,2849
Public Access,2850
Saturn 3,2851
"Soldier's Story, A",2852
Communion,2853
Don't Look in the Basement!,2854
Nightmares,2855
I Saw What You Did,2856
Yellow Submarine,2857
American Beauty,2858
Stop Making Sense,2859
Blue Streak,2860
For Love of the Game,2861
Caligula,2862
"Hard Day's Night, A",2863
Splendor,2864
Sugar Town,2865
"Buddy Holly Story, The",2866
Fright Night,2867
Fright Night Part II,2868
"Separation, The",2869
Barefoot in the Park,2870
Deliverance,2871
Excalibur,2872
Lulu on the Bridge,2873
"Pajama Game, The",2874
Sommersby,2875
Thumbelina,2876
Tommy,2877
Hell Night,2878
Operation Condor,2879
Operation Condor 2,2880
Double Jeopardy,2881
Jakob the Liar,2882
Mumford,2883
Dog Park,2884
Guinevere,2885
"Adventures of Elmo in Grouchland, The",2886
Simon Sez,2887
Drive Me Crazy,2888
"Mystery, Alaska",2889
Three Kings,2890
"Happy, Texas",2891
New Rose Hotel,2892
Plunkett & MaCleane,2893
Romance,2894
Napoleon and Samantha,2895
Alvarez Kelly,2896
And the Ship Sails On,2897
"Dark Half, The",2898
Gulliver's Travels,2899
Monkey Shines,2900
Phantasm,2901
Psycho II,2902
Psycho III,2903
Rain,2904
Sanjuro,2905
Random Hearts,2906
Superstar,2907
Boys Don't Cry,2908
"Five Wives, Three Secretaries and Me",2909
"Ennui, L'",2910
"Grandfather, The",2911
"Limey, The",2912
"Mating Habits of the Earthbound Human, The",2913
Molly,2914
Risky Business,2915
Total Recall,2916
Body Heat,2917
Ferris Bueller's Day Off,2918
Year of Living Dangerously,2919
Children of Paradise,2920
High Plains Drifter,2921
Hang 'em High,2922
Citizen's Band,2923
Drunken Master,2924
"Conformist, The",2925
Hairspray,2926
Brief Encounter,2927
"Razor's Edge, The",2928
Reds,2929
Return with Honor,2930
Time of the Gypsies,2931
Days of Heaven,2932
"Fire Within, The",2933
"Love Bewitched, A",2934
"Lady Eve, The",2935
Sullivan's Travels,2936
"Palm Beach Story, The",2937
Man Facing Southeast,2938
Niagara,2939
Gilda,2940
South Pacific,2941
Flashdance,2942
Indochine,2943
"Dirty Dozen, The",2944
Mike's Murder,2945
Help!,2946
Goldfinger,2947
From Russia with Love,2948
Dr. No,2949
"Blue Lagoon, The",2950
"Fistful of Dollars, A",2951
Hard 8,2952
Home Alone 2: Lost in New York,2953
Penitentiary,2954
Penitentiary II,2955
Someone to Watch Over Me,2956
Sparrows,2957
Naturally Native,2958
Fight Club,2959
Beefcake,2960
"Story of Us, The",2961
Fever Pitch,2962
Joe the King,2963
Julien Donkey-Boy,2964
"Omega Code, The",2965
"Straight Story, The",2966
"Bad Seed, The",2967
Time Bandits,2968
"Man and a Woman, A",2969
Fitzcarraldo,2970
All That Jazz,2971
Red Sorghum,2972
Crimes and Misdemeanors,2973
Bats,2974
"Best Man, The",2975
Bringing Out the Dead,2976
Crazy in Alabama,2977
Three to Tango,2978
Body Shots,2979
Men Cry Bullets,2980
"Brother, Can You Spare a Dime?",2981
"Guardian, The",2982
"Ipcress File, The",2983
On Any Sunday,2984
Robocop,2985
Robocop 2,2986
Who Framed Roger Rabbit?,2987
Melvin and Howard,2988
For Your Eyes Only,2989
Licence to Kill,2990
Live and Let Die,2991
Rawhead Rex,2992
Thunderball,2993
"City, The",2994
"House on Haunted Hill, The",2995
Music of the Heart,2996
Being John Malkovich,2997
Dreaming of Joseph Lees,2998
Man of the Century,2999
"Princess Mononoke, The",3000
"Suburbans, The",3001
My Best Fiend,3002
Train of Life,3003
"Bachelor, The",3004
"Bone Collector, The",3005
"Insider, The",3006
American Movie,3007
Last Night,3008
Portraits Chinois,3009
Rosetta,3010
"They Shoot Horses, Don't They?",3011
Battling Butler,3012
Bride of Re-Animator,3013
Bustin' Loose,3014
Coma,3015
Creepshow,3016
Creepshow 2,3017
Re-Animator,3018
Drugstore Cowboy,3019
Falling Down,3020
"Funhouse, The",3021
"General, The",3022
My Best Girl,3023
Piranha,3024
Rough Night in Jericho,3025
Slaughterhouse,3026
Slaughterhouse 2,3027
"Taming of the Shrew, The",3028
Nighthawks,3029
Yojimbo,3030
Repossessed,3031
"Omega Man, The",3032
Spaceballs,3033
Robin Hood,3034
Mister Roberts,3035
Quest for Fire,3036
Little Big Man,3037
"Face in the Crowd, A",3038
Trading Places,3039
Meatballs,3040
Meatballs Part II,3041
Meatballs III,3042
Meatballs 4,3043
Dead Again,3044
Peter's Friends,3045
"Incredibly True Adventure of Two Girls in Love, The",3046
Experience Preferred... But Not Essential,3047
Under the Rainbow,3048
How I Won the War,3049
Light It Up,3050
Anywhere But Here,3051
Dogma,3052
"Messenger: The Story of Joan of Arc, The",3053
Pok�mon: The First Movie,3054
Felicia's Journey,3055
Oxygen,3056
Where's Marlowe?,3057
"Ape, The",3058
British Intelligence,3059
"Commitments, The",3060
Holiday Inn,3061
"Longest Day, The",3062
Poison Ivy,3063
Poison Ivy: New Seduction,3064
Ten Benny,3065
Tora! Tora! Tora!,3066
Women on the Verge of a Nervous Breakdown,3067
"Verdict, The",3068
"Effect of Gamma Rays on Man-in-the-Moon Marigolds, The",3069
"Adventures of Buckaroo Bonzai Across the 8th Dimension, The",3070
Stand and Deliver,3071
Moonstruck,3072
"Sandpiper, The",3073
Jeremiah Johnson,3074
Repulsion,3075
Irma la Douce,3076
42 Up,3077
Liberty Heights,3078
Mansfield Park,3079
"Goodbye, 20th Century",3080
Sleepy Hollow,3081
"World Is Not Enough, The",3082
All About My Mother,3083
Home Page,3084
"Living Dead Girl, The",3085
March of the Wooden Soldiers,3086
Scrooged,3087
Harvey,3088
"Bicycle Thief, The",3089
Matewan,3090
Kagemusha,3091
Chushingura,3092
McCabe & Mrs. Miller,3093
Maurice,3094
"Grapes of Wrath, The",3095
My Man Godfrey,3096
"Shop Around the Corner, The",3097
"Natural, The",3098
Shampoo,3099
"River Runs Through It, A",3100
Fatal Attraction,3101
Jagged Edge,3102
Stanley & Iris,3103
Midnight Run,3104
Awakenings,3105
Come See the Paradise,3106
Backdraft,3107
"Fisher King, The",3108
"River, The",3109
Country,3110
Places in the Heart,3111
'Night Mother,3112
End of Days,3113
Toy Story 2,3114
Flawless,3115
Miss Julie,3116
Ride with the Devil,3117
Tumbleweeds,3118
Bay of Blood,3119
"Distinguished Gentleman, The",3120
"Hitch-Hiker, The",3121
Santa Fe Trail,3122
Spring Fever USA,3123
Agnes Browne,3124
"End of the Affair, The",3125
"End of the Affair, The",3126
Holy Smoke,3127
"Map of the World, A",3128
Sweet and Lowdown,3129
Bonfire of the Vanities,3130
Broadway Damage,3131
Daddy Long Legs,3132
Go West,3133
Grand Illusion,3134
"Great Santini, The",3135
"James Dean Story, The",3136
"Sea Wolves, The",3137
Stealing Home,3138
Tarzan the Fearless,3139
"Three Ages, The",3140
"Two Jakes, The",3141
U2: Rattle and Hum,3142
Hell in the Pacific,3143
"Glass Bottom Boat, The",3144
"Cradle Will Rock, The",3145
Deuce Bigalow: Male Gigolo,3146
"Green Mile, The",3147
"Cider House Rules, The",3148
Diamonds,3149
"War Zone, The",3150
"Bat Whispers, The",3151
"Last Picture Show, The",3152
"7th Voyage of Sinbad, The",3153
Blood on the Sun,3154
Anna and the King,3155
Bicentennial Man,3156
Stuart Little,3157
"Emperor and the Assassin, The",3158
Fantasia 2000,3159
Magnolia,3160
Onegin,3161
Simpatico,3162
Topsy-Turvy,3163
"Alley Cats, The",3164
Boiling Point,3165
Brenda Starr,3166
Carnal Knowledge,3167
Easy Rider,3168
"Falcon and the Snowman, The",3169
Hi-Yo Silver,3170
Room at the Top,3171
Ulysses,3172
Any Given Sunday,3173
Man on the Moon,3174
Galaxy Quest,3175
"Talented Mr. Ripley, The",3176
Next Friday,3177
"Hurricane, The",3178
Angela's Ashes,3179
Play it to the Bone,3180
Titus,3181
Mr. Death: The Rise and Fall of Fred A. Leuchter Jr.,3182
"Third Miracle, The",3183
Montana,3184
Snow Falling on Cedars,3185
"Girl, Interrupted",3186
Trans,3187
"Life and Times of Hank Greenberg, The",3188
My Dog Skip,3189
Supernova,3190
"Quarry, The",3191
"Terrorist, The",3192
Creature,3193
"Way We Were, The",3194
Tess of the Storm Country,3195
Stalag 17,3196
"Presidio, The",3197
Papillon,3198
Pal Joey,3199
"Last Detail, The",3200
Five Easy Pieces,3201
Even Dwarfs Started Small,3202
Dead Calm,3203
"Boys from Brazil, The",3204
Black Sunday,3205
Against All Odds,3206
"Snows of Kilimanjaro, The",3207
Loaded Weapon 1,3208
"Loves of Carmen, The",3209
Fast Times at Ridgemont High,3210
"Cry in the Dark, A",3211
Born to Win,3212
Batman: Mask of the Phantasm,3213
American Flyers,3214
Voyage of the Damned,3215
Vampyros Lesbos,3216
"Star Is Born, A",3217
Poison,3218
Pacific Heights,3219
Night Tide,3220
"Draughtsman's Contract, The",3221
Carmen,3222
"Zed & Two Noughts, A",3223
Woman in the Dunes,3224
Down to You,3225
Hellhounds on My Trail,3226
"Not Love, Just Frenzy",3227
Wirey Spindell,3228
Another Man's Poison,3229
"Odessa File, The",3230
"Saphead, The",3231
Seven Chances,3232
Smashing Time,3233
Train Ride to Hollywood,3234
Where the Buffalo Roam,3235
Zachariah,3236
Kestrel's Eye,3237
Eye of the Beholder,3238
Isn't She Great?,3239
"Big Tease, The",3240
"Cup, The",3241
Santitos,3242
Encino Man,3243
"Goodbye Girl, The",3244
I Am Cuba,3245
Malcolm X,3246
Sister Act,3247
Sister Act 2: Back in the Habit,3248
"Hand That Rocks the Cradle, The",3249
Alive,3250
Agnes of God,3251
Scent of a Woman,3252
Wayne's World,3253
Wayne's World 2,3254
"League of Their Own, A",3255
Patriot Games,3256
"Bodyguard, The",3257
Death Becomes Her,3258
Far and Away,3259
Howards End,3260
Singles,3261
Twin Peaks: Fire Walk with Me,3262
White Men Can't Jump,3263
Buffy the Vampire Slayer,3264
Hard-Boiled,3265
Man Bites Dog,3266
"Mariachi, El",3267
Stop! Or My Mom Will Shoot,3268
Forever Young,3269
"Cutting Edge, The",3270
Of Mice and Men,3271
Bad Lieutenant,3272
Scream 3,3273
Single White Female,3274
"Boondock Saints, The",3275
Gun Shy,3276
Beloved/Friend,3277
Gendernauts,3278
Knockout,3279
"Baby, The",3280
"Brandon Teena Story, The",3281
Different for Girls,3282
Minnie and Moskowitz,3283
They Might Be Giants,3284
"Beach, The",3285
Snow Day,3286
"Tigger Movie, The",3287
Cotton Mary,3288
Not One Less,3289
Soft Toilet Seats,3290
Trois,3291
"Big Combo, The",3292
Conceiving Ada,3293
Eaten Alive,3294
Raining Stones,3295
To Sir with Love,3296
With Byrd at the South Pole,3297
Boiler Room,3298
Hanging Up,3299
Pitch Black,3300
"Whole Nine Yards, The",3301
Beautiful People,3302
Black Tar Heroin: The Dark End of the Street,3303
Blue Collar,3304
Bluebeard,3305
"Circus, The",3306
City Lights,3307
"Flamingo Kid, The",3308
"Dog's Life, A",3309
"Kid, The",3310
"Man from Laramie, The",3311
"McCullochs, The",3312
Class Reunion,3313
"Big Trees, The",3314
Happy Go Lovely,3315
Reindeer Games,3316
Wonder Boys,3317
Deterrence,3318
Judy Berlin,3319
Mifune,3320
"Waiting Game, The",3321
3 Strikes,3322
Chain of Fools,3323
Drowning Mona,3324
"Next Best Thing, The",3325
What Planet Are You From?,3326
Beyond the Mat,3327
Ghost Dog: The Way of the Samurai,3328
"Year My Voice Broke, The",3329
Splendor in the Grass,3330
My Tutor,3331
"Legend of Lobo, The",3332
"Killing of Sister George, The",3333
Key Largo,3334
Jail Bait,3335
It Happened Here,3336
I'll Never Forget What's 'is Name,3337
For All Mankind,3338
Cross of Iron,3339
Bride of the Monster,3340
Born Yesterday,3341
Birdy,3342
And God Created Woman,3343
Blood Feast,3344
"Charlie, the Lonesome Cougar",3345
Color Me Blood Red,3346
Never Cry Wolf,3347
"Night Visitor, The",3348
"Perils of Pauline, The",3349
"Raisin in the Sun, A",3350
Two Thousand Maniacs!,3351
Brown's Requiem,3352
"Closer You Get, The",3353
Mission to Mars,3354
"Ninth Gate, The",3355
Condo Painting,3356
East-West,3357
Defending Your Life,3358
Breaking Away,3359
Hoosiers,3360
Bull Durham,3361
Dog Day Afternoon,3362
American Graffiti,3363
"Asphalt Jungle, The",3364
"Searchers, The",3365
Where Eagles Dare,3366
"Devil's Brigade, The",3367
"Big Country, The",3368
Any Number Can Win,3369
Betrayed,3370
Bound for Glory,3371
"Bridge at Remagen, The",3372
Buck and the Preacher,3373
Daughters of the Dust,3374
Destination Moon,3375
"Fantastic Night, The",3376
Hangmen Also Die,3377
"Ogre, The",3378
On the Beach,3379
Railroaded!,3380
Slaves to the Underground,3381
Song of Freedom,3382
Big Fella,3383
"Taking of Pelham One Two Three, The",3384
Volunteers,3385
JFK,3386
Who's Harry Crumb?,3387
Harry and the Hendersons,3388
Let's Get Harry,3389
Shanghai Surprise,3390
Who's That Girl?,3391
She-Devil,3392
Date with an Angel,3393
Blind Date,3394
Nadine,3395
"Muppet Movie, The",3396
"Great Muppet Caper, The",3397
"Muppets Take Manhattan, The",3398
Sesame Street Presents Follow That Bird,3399
We're Back! A Dinosaur's Story,3400
Baby... Secret of the Lost Legend,3401
Turtle Diary,3402
Raise the Titanic,3403
Titanic,3404
"Night to Remember, A",3405
Captain Horatio Hornblower,3406
"Carriers Are Waiting, The",3407
Erin Brockovich,3408
Final Destination,3409
Soft Fruit,3410
Babymother,3411
"Bear, The",3412
Impact,3413
Love Is a Many-Splendored Thing,3414
"Mirror, The",3415
"Trial, The",3416
"Crimson Pirate, The",3417
Thelma & Louise,3418
Something for Everyone,3419
...And Justice for All,3420
Animal House,3421
She's Gotta Have It,3422
School Daze,3423
Do the Right Thing,3424
Mo' Better Blues,3425
Jungle Fever,3426
Coogan's Bluff,3427
"Champ, The",3428
Creature Comforts,3429
Death Wish,3430
Death Wish II,3431
Death Wish 3,3432
Death Wish 4: The Crackdown,3433
Death Wish V: The Face of Death,3434
Double Indemnity,3435
Dying Young,3436
Cool as Ice,3437
Teenage Mutant Ninja Turtles,3438
Teenage Mutant Ninja Turtles II: The Secret of the Ooze,3439
Teenage Mutant Ninja Turtles III,3440
Red Dawn,3441
Band of the Hand,3442
Born American,3443
Bloodsport,3444
Eyes of Laura Mars,3445
Funny Bones,3446
"Good Earth, The",3447
"Good Morning, Vietnam",3448
"Good Mother, The",3449
Grumpy Old Men,3450
Guess Who's Coming to Dinner,3451
Romeo Must Die,3452
Here on Earth,3453
Whatever It Takes,3454
Buddy Boy,3455
"Color of Paradise, The",3456
Waking the Dead,3457
Blood and Sand,3458
Gothic,3459
Hillbillys in a Haunted House,3460
Lord of the Flies,3461
Modern Times,3462
Last Resort,3463
Solar Crisis,3464
That's Life!,3465
Heart and Souls,3466
Hud,3467
"Hustler, The",3468
Inherit the Wind,3469
Dersu Uzala,3470
Close Encounters of the Third Kind,3471
Horror Hotel,3472
Jonah Who Will Be 25 in the Year 2000,3473
Retroactive,3474
"Place in the Sun, A",3475
Jacob's Ladder,3476
Empire Records,3477
"Bamba, La",3478
Ladyhawke,3479
Lucas,3480
High Fidelity,3481
Price of Glory,3482
"Road to El Dorado, The",3483
"Skulls, The",3484
Autopsy,3485
Devil Girl From Mars,3486
"Dorado, El",3487
"Hideous Sun Demon, The",3488
Hook,3489
Horror Express,3490
My Chauffeur,3491
"Son of the Sheik, The",3492
Torso,3493
True Grit,3494
Roadside Prophets,3495
Madame Sousatzka,3496
Max Dugan Returns,3497
Midnight Express,3498
Misery,3499
Mr. Saturday Night,3500
Murphy's Romance,3501
My Life,3502
Solaris,3503
Network,3504
No Way Out,3505
North Dallas Forty,3506
"Odd Couple, The",3507
"Outlaw Josey Wales, The",3508
Black and White,3509
Frequency,3510
Ready to Rumble,3511
Return to Me,3512
Rules of Engagement,3513
Joe Gould's Secret,3514
Me Myself I,3515
"Bell, Book and Candle",3516
"Bells, The",3517
"End of Violence, The",3518
Force 10 from Navarone,3519
How to Stuff a Wild Bikini,3520
Mystery Train,3521
Sacco and Vanzetti,3522
Taffin,3523
Arthur,3524
Bachelor Party,3525
Parenthood,3526
Predator,3527
"Prince of Tides, The",3528
"Postman Always Rings Twice, The",3529
Smoking/No Smoking,3530
All the Vermeers in New York,3531
Freedom for Us,3532
"Actor's Revenge, An",3533
28 Days,3534
American Psycho,3535
Keeping the Faith,3536
Where the Money Is,3537
East is East,3538
"Filth and the Fury, The",3539
Passion of Mind,3540
Third World Cop,3541
Coming Apart,3542
Diner,3543
Shakes the Clown,3544
Cabaret,3545
What Ever Happened to Baby Jane?,3546
Prick Up Your Ears,3547
Auntie Mame,3548
Guys and Dolls,3549
"Hunger, The",3550
Marathon Man,3551
Caddyshack,3552
Gossip,3553
Love and Basketball,3554
U-571,3555
"Virgin Suicides, The",3556
Jennifer 8,3557
"Law, The",3558
Limelight,3559
Phantom Love,3560
Stacy's Knights,3561
Committed,3562
"Crow: Salvation, The",3563
"Flintstones in Viva Rock Vegas, The",3564
Where the Heart Is,3565
"Big Kahuna, The",3566
Bossa Nova,3567
Smiling Fish and Goat on Fire,3568
"Idiots, The",3569
"Last September, The",3570
Time Code,3571
Carnosaur,3572
Carnosaur 2,3573
Carnosaur 3: Primal Species,3574
Defying Gravity,3575
"Hidden, The",3576
Two Moon Juction,3577
Gladiator,3578
I Dreamed of Africa,3579
Up at the Villa,3580
Human Traffic,3581
"Jails, Hospitals & Hip-Hop",3582
Black Tights,3583
Breathless,3584
"Great Locomotive Chase, The",3585
"Idolmaker, The",3586
Inferno,3587
"King of Marvin Gardens, The",3588
"Kill, Baby... Kill!",3589
"Lords of Flatbush, The",3590
Mr. Mom,3591
Time Masters,3592
Battlefield Earth,3593
Center Stage,3594
Held Up,3595
Screwed,3596
Whipped,3597
Hamlet,3598
Anchors Aweigh,3599
Blue Hawaii,3600
"Castaway Cowboy, The",3601
G. I. Blues,3602
"Gay Deceivers, The",3603
Gypsy,3604
King Creole,3605
On the Town,3606
One Little Indian,3607
Pee-wee's Big Adventure,3608
Regret to Inform,3609
Roustabout,3610
Saludos Amigos,3611
"Slipper and the Rose, The",3612
Things Change,3613
Honeymoon in Vegas,3614
Dinosaur,3615
Loser,3616
Road Trip,3617
Small Time Crooks,3618
"Hollywood Knights, The",3619
"Myth of Fingerprints, The",3620
Possession,3621
"Twelve Chairs, The",3622
Mission: Impossible 2,3623
Shanghai Noon,3624
Better Living Through Circuitry,3625
8 1/2 Women,3626
Carnival of Souls,3627
Flying Tigers,3628
"Gold Rush, The",3629
"House of Exorcism, The",3630
It's in the Water,3631
Monsieur Verdoux,3632
On Her Majesty's Secret Service,3633
Seven Days in May,3634
"Spy Who Loved Me, The",3635
Those Who Love Me Can Take the Train,3636
Vagabond,3637
Moonraker,3638
"Man with the Golden Gun, The",3639
"King in New York, A",3640
"Woman of Paris, A",3641
In Old California,3642
"Fighting Seabees, The",3643
Dark Command,3644
Cleo From 5 to 7,3645
Big Momma's House,3646
Running Free,3647
"Abominable Snowman, The",3648
American Gigolo,3649
Anguish,3650
"Blood Spattered Bride, The",3651
City of the Living Dead,3652
"Endless Summer, The",3653
"Guns of Navarone, The",3654
Blow-Out,3655
Lured,3656
Pandora and the Flying Dutchman,3657
Quatermass and the Pit,3658
Quatermass II,3659
Puppet Master,3660
Puppet Master II,3661
Puppet Master III: Toulon's Revenge,3662
Puppet Master 4,3663
Puppet Master 5: The Final Chapter,3664
Curse of the Puppet Master,3665
Retro Puppetmaster,3666
Rent-A-Cop,3667
Romeo and Juliet,3668
Stay Tuned,3669
"Story of G.I. Joe, The",3670
Blazing Saddles,3671
Benji,3672
Benji the Hunted,3673
For the Love of Benji,3674
White Christmas,3675
Eraserhead,3676
Baraka,3677
"Man with the Golden Arm, The",3678
"Decline of Western Civilization, The",3679
"Decline of Western Civilization Part II: The Metal Years, The",3680
For a Few Dollars More,3681
Magnum Force,3682
Blood Simple,3683
"Fabulous Baker Boys, The",3684
Prizzi's Honor,3685
Flatliners,3686
Light Years,3687
Porky's,3688
Porky's II: The Next Day,3689
Porky's Revenge,3690
Private School,3691
Class of Nuke 'Em High,3692
"Toxic Avenger, The",3693
"Toxic Avenger, Part II, The",3694
"Toxic Avenger Part III: The Last Temptation of Toxie, The",3695
Night of the Creeps,3696
Predator 2,3697
"Running Man, The",3698
Starman,3699
"Brother from Another Planet, The",3700
Alien Nation,3701
Mad Max,3702
Mad Max 2,3703
Mad Max Beyond Thunderdome,3704
Bird on a Wire,3705
Angel Heart,3706
Nine 1/2 Weeks,3707
Firestarter,3708
Sleepwalkers,3709
Action Jackson,3710
Sarafina!,3711
Soapdish,3712
"Long Walk Home, The",3713
Clara's Heart,3714
Burglar,3715
Fatal Beauty,3716
Gone in 60 Seconds,3717
American Pimp,3718
Love's Labour's Lost,3719
Sunshine,3720
Trixie,3721
Live Virgin,3722
Hamlet,3723
Coming Home,3724
American Pop,3725
Assault on Precinct 13,3726
Near Dark,3727
One False Move,3728
Shaft,3729
"Conversation, The",3730
Cutter's Way,3731
"Fury, The",3732
"Paper Chase, The",3733
Prince of the City,3734
Serpico,3735
"Big Carnival, The",3736
Lonely Are the Brave,3737
"Sugarland Express, The",3738
Trouble in Paradise,3739
Big Trouble in Little China,3740
Badlands,3741
"Battleship Potemkin, The",3742
Boys and Girls,3743
Shaft,3744
Titan A.E.,3745
Butterfly,3746
Jesus' Son,3747
"Match, The",3748
Time Regained,3749
Boricua's Bond,3750
Chicken Run,3751
"Me, Myself and Irene",3752
"Patriot, The",3753
"Adventures of Rocky and Bullwinkle, The",3754
"Perfect Storm, The",3755
"Golden Bowl, The",3756
Asylum,3757
Communion,3758
Fun and Fancy Free,3759
"Kentucky Fried Movie, The",3760
"Blood In, Blood Out",3761
Daughter of Dr. Jeckyll,3762
F/X,3763
F/X 2,3764
"Hot Spot, The",3765
Missing in Action,3766
Missing in Action 2: The Beginning,3767
Braddock: Missing in Action III,3768
Thunderbolt and Lightfoot,3769
Dreamscape,3770
"Golden Voyage of Sinbad, The",3771
Hatchet For the Honeymoon,3772
House Party,3773
House Party 2,3774
Make Mine Music,3775
Melody Time,3776
Nekromantik,3777
On Our Merry Way,3778
Project Moon Base,3779
Rocketship X-M,3780
Shaft in Africa,3781
Shaft's Big Score!,3782
Croupier,3783
"Kid, The",3784
Scary Movie,3785
But I'm a Cheerleader,3786
Shower,3787
Blowup,3788
"Pawnbroker, The",3789
Groove,3790
Footloose,3791
Duel in the Sun,3792
X-Men,3793
Chuck & Buck,3794
"Five Senses, The",3795
"Wisdom of Crocodiles, The",3796
"In Crowd, The",3797
What Lies Beneath,3798
Pok�mon the Movie 2000,3799
Criminal Lovers,3800
Anatomy of a Murder,3801
Freejack,3802
Greaser's Palace,3803
H.O.T.S.,3804
Knightriders,3805
MacKenna's Gold,3806
Sinbad and the Eye of the Tiger,3807
Two Women,3808
What About Bob?,3809
White Sands,3810
Breaker Morant,3811
Everything You Always Wanted to Know About Sex,3812
Interiors,3813
Love and Death,3814
"Official Story, The",3816
"Other Side of Sunday, The",3817
Pot O' Gold,3818
Tampopo,3819
Thomas and the Magic Railroad,3820
Nutty Professor II: The Klumps,3821
"Girl on the Bridge, The",3822
Wonderland,3823
Autumn in New York,3824
Coyote Ugly,3825
Hollow Man,3826
Space Cowboys,3827
Better Living,3828
Mad About Mambo,3829
Psycho Beach Party,3830
Saving Grace,3831
Black Sabbath,3832
"Brain That Wouldn't Die, The",3833
Bronco Billy,3834
"Crush, The",3835
Kelly's Heroes,3836
Phantasm II,3837
Phantasm III: Lord of the Dead,3838
Phantasm IV: Oblivion,3839
Pumpkinhead,3840
Air America,3841
Make Them Die Slowly,3842
Sleepaway Camp,3843
Steel Magnolias,3844
And God Created Woman,3845
Easy Money,3846
"Ilsa, She Wolf of the SS",3847
Silent Fall,3848
"Spiral Staircase, The",3849
Whatever Happened to Aunt Alice?,3850
I'm the One That I Want,3851
"Tao of Steve, The",3852
"Tic Code, The",3853
Aim�e & Jaguar,3854
"Affair of Love, An",3855
Autumn Heart,3856
Bless the Child,3857
Cecil B. Demented,3858
"Eyes of Tammy Faye, The",3859
"Opportunists, The",3860
"Replacements, The",3861
About Adam,3862
"Cell, The",3863
Godzilla 2000,3864
"Original Kings of Comedy, The",3865
Sunset Strip,3866
All the Rage,3867
"Naked Gun: From the Files of Police Squad!, The",3868
"Naked Gun 2 1/2: The Smell of Fear, The",3869
Our Town,3870
Shane,3871
"Suddenly, Last Summer",3872
Cat Ballou,3873
"Couch in New York, A",3874
"Devil Rides Out, The",3875
Jerry & Tom,3876
Supergirl,3877
X: The Unknown,3878
"Art of War, The",3879
"Ballad of Ramblin' Jack, The",3880
Bittersweet Motel,3881
Bring It On,3882
Catfish in Black Bean Sauce,3883
"Crew, The",3884
Love & Sex,3885
Steal This Movie!,3886
Went to Coney Island on a Mission From God... Be Back by Five,3887
Skipped Parts,3888
Highlander: Endgame,3889
Back Stage,3890
Turn It Up,3891
Anatomy,3892
Nurse Betty,3893
Solas,3894
"Watcher, The",3895
"Way of the Gun, The",3896
Almost Famous,3897
Bait,3898
Circus,3899
Crime and Punishment in Suburbia,3900
Duets,3901
Goya in Bordeaux,3902
Urbania,3903
"Uninvited Guest, An",3904
"Specials, The",3905
Under Suspicion,3906
"Prince of Central Park, The",3907
Urban Legends: Final Cut,3908
Woman on Top,3909
Dancer in the Dark,3910
Best in Show,3911
Beautiful,3912
Barenaked in America,3913
"Broken Hearts Club, The",3914
Girlfight,3915
Remember the Titans,3916
Hellraiser,3917
Hellbound: Hellraiser II,3918
Hellraiser III: Hell on Earth,3919
"Faraway, So Close",3920
Beach Party,3921
Bikini Beach,3922
Return of the Fly,3923
Pajama Party,3924
Stranger Than Paradise,3925
Voyage to the Bottom of the Sea,3926
Fantastic Voyage,3927
Abbott and Costello Meet Frankenstein,3928
"Bank Dick, The",3929
"Creature From the Black Lagoon, The",3930
"Giant Gila Monster, The",3931
"Invisible Man, The",3932
"Killer Shrews, The",3933
Kronos,3934
Kronos,3935
"Phantom of the Opera, The",3936
Runaway,3937
"Slumber Party Massacre, The",3938
"Slumber Party Massacre II, The",3939
"Slumber Party Massacre III, The",3940
Sorority House Massacre,3941
Sorority House Massacre II,3942
Bamboozled,3943
Bootmen,3944
Digimon: The Movie,3945
Get Carter,3946
Get Carter,3947
Meet the Parents,3948
Requiem for a Dream,3949
Tigerland,3950
Two Family House,3951
"Contender, The",3952
